it,ft,bt,transmission,ownerNo,oem,model,modelYear,price,Insurance Validity,Kms Driven,Mileage,Engine,Seats_1,Color,Gear Box,Drive Type,City
0,Petrol,Hatchback,Manual,3,Maruti,Maruti Celerio,2015,₹ 4 Lakh,Third Party insurance,"1,20,000 Kms",23.1 kmpl,998 CC,5,White,5 Speed ,FWD,Bangalore
0,Petrol,SUV,Manual,2,Ford,Ford Ecosport,2018,₹ 8.11 Lakh,Comprehensive,"32,706 Kms",17 kmpl,1497 CC,5,White,5 Speed,FWD,Bangalore
0,Petrol,Hatchback,Manual,1,Tata,Tata Tiago,2018,₹ 5.85 Lakh,Comprehensive,"11,949 Kms",23.84 kmpl,1199 CC,5,Red,5 Speed,FWD,Bangalore
0,Petrol,Sedan,Manual,1,Hyundai,Hyundai Xcent,2014,₹ 4.62 Lakh,Comprehensive,"17,794 Kms",19.1 kmpl,1197 CC,5,Others,5 Speed ,FWD ,Bangalore
0,Diesel,SUV,Manual,1,Maruti,Maruti SX4 S Cross,2015,₹ 7.90 Lakh,Third Party insurance,"60,000 Kms",23.65 kmpl,1248 CC,5,Gray,5 Speed,FWD,Bangalore
0,Diesel,SUV,Manual,1,Jeep,Jeep Compass,2020,₹ 19 Lakh,Third Party insurance,"20,000 Kms",17.1 kmpl,1956 CC,5,Others,6 Speed,4X2,Bangalore
0,Petrol,Hatchback,Manual,1,Datsun,Datsun GO,2017,₹ 3.45 Lakh,Comprehensive,"37,772 Kms",20.63 kmpl,1198 CC,5,Grey,5 Speed,FWD,Bangalore
0,Petrol,SUV,Automatic,1,Hyundai,Hyundai Venue,2021,₹ 12 Lakh,Third Party insurance,"30,000 Kms",18.15 kmpl,998 CC,5,Others,7-Speed,FWD,Bangalore
0,Petrol,Sedan,Automatic,1,Maruti,Maruti Ciaz,2018,₹ 9.60 Lakh,Comprehensive,"37,000 Kms",20.28 kmpl,1462 CC,5,Maroon,4 Speed,FWD,Bangalore
0,Petrol,Hatchback,Manual,1,Tata,Tata Tiago,2017,₹ 5.85 Lakh,Comprehensive,"11,949 Kms",23.84 kmpl,1199 CC,5,Red,5 Speed,FWD,Bangalore
0,Petrol,Hatchback,Manual,1,Maruti,Maruti Baleno,2018,₹ 6.90 Lakh,Third Party insurance,"50,000 Kms",21.4 kmpl,1197 CC,5,Red,5 Speed,FWD,Bangalore
0,Petrol,Hatchback,Automatic,1,Hyundai,Hyundai Grand i10,2019,₹ 6.82 Lakh,Third Party insurance,"24,887 Kms",18.9 kmpl,1197 CC,5,Orange,4 Speed,FWD,Bangalore
0,Petrol,Hatchback,Automatic,1,Honda,Honda Jazz,2018,₹ 8.25 Lakh,Comprehensive,"23,000 Kms",18.2 kmpl,1199 CC,5,Grey,5 Speed,FWD,Bangalore
0,Petrol,Hatchback,Automatic,1,Tata,Tata Tiago,2018,₹ 5.95 Lakh,Comprehensive,"48,928 Kms",23.84 kmpl,1199 CC,5,Red,5 Speed,FWD,Bangalore
0,Diesel,SUV,Manual,3,Mahindra,Mahindra XUV500,2014,₹ 6.90 Lakh,Comprehensive,"1,08,862 Kms",15.1 kmpl,2179 CC,7,Silver,6 Speed ,FWD,Bangalore
0,Diesel,SUV,Manual,1,Jeep,Jeep Compass,2018,₹ 13.50 Lakh,Third Party insurance,"80,000 Kms",17.1 kmpl,1956 CC,5,Others,6 Speed,4X2,Bangalore
0,Diesel,SUV,Automatic,1,Mercedes-Benz,Mercedes-Benz GLA,2022,₹ 55.95 Lakh,Comprehensive,"16,000 Kms",,1950 CC,5,Blue,8G-DCT,AWD,Bangalore
0,Diesel,Hatchback,Manual,2,Hyundai,Hyundai i20,2014,₹ 5.21 Lakh,Comprehensive,"65,376 Kms",21.27 kmpl,1396 CC,5,Blue,6 Speed,FWD,Bangalore
0,Petrol,SUV,Manual,1,Tata,Tata Nexon,2022,₹ 10.05 Lakh,Third Party insurance,"10,000 Kms",17.33 kmpl,1199 CC,5,Others,6 Speed,,Bangalore
0,Petrol,Sedan,Manual,2,Honda,Honda City,2016,₹ 7.75 Lakh,Comprehensive,"67,000 Kms",17.8 kmpl,1497 CC,5,Brown,5 Speed,FWD,Bangalore
0,Diesel,Sedan,Automatic,3,BMW,BMW 5 Series,2011,₹ 22 Lakh,Third Party insurance,"1,00,000 Kms",18.48 kmpl,1995 CC,5,White,6 Speed,,Bangalore
0,Petrol,Hatchback,Manual,1,Maruti,Maruti Swift,2016,₹ 5.82 Lakh,Comprehensive,"18,083 Kms",22.38 kmpl,1197 CC,5,Silver,5-Speed,,Bangalore
0,Petrol,SUV,Manual,1,Renault,Renault Duster,2020,₹ 10.90 Lakh,Third Party insurance,"30,000 Kms",16.42 kmpl,1498 CC,5,Others,5-Speed,FWD,Bangalore
0,Petrol,Hatchback,Manual,2,Tata,Tata Tiago,2016,₹ 4.57 Lakh,Comprehensive,"57,634 Kms",23.84 kmpl,1199 CC,5,Silver,5 Speed,FWD,Bangalore
0,Petrol,Sedan,Automatic,2,Mercedes-Benz,Mercedes-Benz S-Class,2016,₹ 49 Lakh,Third Party insurance,"50,000 Kms",7.81 kmpl,4663 CC,5,Others,7 Speed,RWD,Bangalore
0,Petrol,Sedan,Manual,1,Honda,Honda City,2015,₹ 5.50 Lakh,Third Party insurance,"1,10,000 Kms",17.4 kmpl,1497 CC,5,Others,5 Speed ,FWD,Bangalore
0,Petrol,Hatchback,Automatic,1,Hyundai,Hyundai Santro,2018,₹ 5.70 Lakh,Comprehensive,"23,447 Kms",20.3 kmpl,1086 CC,5,Yellow,5 Speed,FWD,Bangalore
0,Lpg,Hatchback,Manual,2,Hyundai,Hyundai Santro Xing,2009,₹ 2.20 Lakh,Third Party insurance,"30,000 Kms",13.45 kmpl,1086 CC,5,Others,5 Speed,FWD,Bangalore
0,Petrol,Sedan,Automatic,1,Mercedes-Benz,Mercedes-Benz E-Class,2017,₹ 41.45 Lakh,Comprehensive,"33,000 Kms",15 kmpl,1991 CC,5,White,9 Speed,RWD,Bangalore
0,Diesel,SUV,Manual,2,Mahindra,Mahindra XUV500,2014,₹ 8.61 Lakh,Third Party,"87,667 Kms",15.1 kmpl,2179 CC,7,Black,6 Speed ,FWD,Bangalore
0,Diesel,Sedan,Automatic,2,Audi,Audi A4,2016,₹ 17.85 Lakh,Third Party insurance,"40,000 Kms",17.11 kmpl,1968 CC,5,Others,8 Speed,FWD,Bangalore
0,Diesel,SUV,Manual,2,Mahindra,Mahindra XUV500,2014,₹ 8.03 Lakh,Comprehensive,"79,012 Kms",15.1 kmpl,2179 CC,7,Silver,6 Speed,FWD,Bangalore
0,Diesel,SUV,Manual,1,Jeep,Jeep Compass,2021,₹ 25.65 Lakh,Comprehensive,"31,344 Kms",17.1 kmpl,1956 CC,5,Black,6 Speed,4x2,Bangalore
0,Petrol,Sedan,Manual,1,Hyundai,Hyundai Xcent,2018,₹ 6.74 Lakh,Third Party insurance,"50,000 Kms",20.14 kmpl,1197 CC,5,Others,5 Speed,FWD,Bangalore
0,Petrol,Hatchback,Manual,1,Maruti,Maruti Wagon R,2015,₹ 3.49 Lakh,Comprehensive,"12,434 Kms",20.51 kmpl,998 CC,5,Brown,5 Speed,FWD,Bangalore
0,Petrol,MUV,Manual,2,Maruti,Maruti Ertiga,2019,₹ 10.50 Lakh,Third Party insurance,"60,000 Kms",19.34 kmpl,1462 CC,7,Others,5 Speed,2WD,Bangalore
0,Diesel,Sedan,Automatic,1,Mercedes-Benz,Mercedes-Benz C-Class,2019,₹ 44.25 Lakh,Comprehensive,"12,000 Kms",12.6 kmpl,1950 CC,5,White,9 Speed,RWD,Bangalore
0,Petrol,Hatchback,Manual,2,Maruti,Maruti Wagon R,2015,₹ 4.06 Lakh,Comprehensive,"40,987 Kms",20.51 kmpl,998 CC,5,White,5 Speed,FWD,Bangalore
0,Petrol,Sedan,Automatic,1,BMW,BMW 5 Series,2020,₹ 49.65 Lakh,Zero Dep,"18,157 Kms",15.56 kmpl,1998 CC,5,Blue,8-Speed Steptronic,RWD,Bangalore
0,Diesel,SUV,Manual,3,Toyota,Toyota Fortuner,2011,₹ 11 Lakh,Third Party insurance,"1,20,000 Kms",11.5 kmpl,2982 CC,7,Others,5 Speed,4WD,Bangalore
0,Diesel,SUV,Automatic,2,Renault,Renault Duster,2020,₹ 11 Lakh,Third Party insurance,"40,000 Kms",19.87 kmpl,1461 CC,5,Others,6-Speed,FWD,Bangalore
0,Petrol,Hatchback,Manual,1,Hyundai,Hyundai i20,2016,₹ 5.94 Lakh,Comprehensive,"89,667 Kms",18.6 kmpl,1197 CC,5,White,5 Speed,FWD,Bangalore
0,Diesel,Hatchback,Manual,1,Hyundai,Hyundai i20,2017,₹ 7.10 Lakh,Third Party insurance,"1,20,000 Kms",22.54 kmpl,1396 CC,5,Others,6 Speed,FWD,Bangalore
0,Petrol,Hatchback,Manual,1,Maruti,Maruti Baleno,2017,₹ 6.92 Lakh,Zero Dep,"56,997 Kms",21.4 kmpl,1197 CC,5,Blue,5 Speed,FWD,Bangalore
0,Petrol,Sedan,Manual,1,Hyundai,Hyundai Elantra,2013,₹ 6.50 Lakh,Third Party insurance,"1,20,000 Kms",16.3 kmpl,1797 CC,5,Others,6 Speed ,FWD,Bangalore
0,Diesel,Sedan,Automatic,1,Audi,Audi A6,2015,₹ 20.90 Lakh,Third Party insurance,"59,000 Kms",18.53 kmpl,1968 CC,5,White,7 Speed,FWD,Bangalore
0,Petrol,Hatchback,Manual,1,Maruti,Maruti Alto 800,2021,₹ 4.11 Lakh,Zero Dep,"18,835 Kms",22.05 kmpl,796 CC,5,Silver,5 Speed,,Bangalore
0,Diesel,SUV,Manual,2,Mahindra,Mahindra Scorpio,2010,₹ 6.50 Lakh,Third Party insurance,"1,20,000 Kms",12.05 kmpl,2179 CC,7,Gray,5 Speed,2 WD,Bangalore
0,Petrol,Hatchback,Automatic,1,Mini,Mini 3 DOOR,2016,₹ 36.75 Lakh,Comprehensive,"40,000 Kms",17.33 kmpl,1998 CC,4,White,7 Speed,2WD,Bangalore
0,Petrol,Hatchback,Manual,1,Tata,Tata Tiago,2019,₹ 6.10 Lakh,Comprehensive,"60,932 Kms",23.84 kmpl,1199 CC,5,Red,5 Speed,FWD,Bangalore
0,Petrol,SUV,Automatic,2,Kia,Kia Seltos,2020,₹ 16.75 Lakh,Comprehensive,"33,539 Kms",16.5 kmpl,1353 CC,5,White,7-Speed DCT,FWD,Bangalore
0,Petrol,Hatchback,Manual,2,Tata,Tata Tiago,2018,₹ 5.30 Lakh,Comprehensive,"66,837 Kms",23.84 kmpl,1199 CC,5,Brown,5 Speed,FWD,Bangalore
0,Diesel,Sedan,Automatic,1,Mercedes-Benz,Mercedes-Benz E-Class,2022,₹ 79.90 Lakh,Third Party,400 Kms,,2925 CC,5,White,9-Speed,,Bangalore
0,Petrol,Hatchback,Manual,2,Maruti,Maruti Alto,2008,₹ 2.50 Lakh,Third Party insurance,"60,000 Kms",19.7 kmpl,796 CC,5,Others,5 Speed,FWD,Bangalore
0,Petrol,Hatchback,Manual,1,Hyundai,Hyundai i20,2019,₹ 7.15 Lakh,Third Party insurance,"44,285 Kms",18.6 kmpl,1197 CC,5,Grey,5 Speed,FWD,Bangalore
0,Diesel,SUV,Automatic,2,Mercedes-Benz,Mercedes-Benz GL-Class,2014,₹ 35 Lakh,Third Party insurance,"1,00,000 Kms",11.3 kmpl,2987 CC,7,Others,7 Speed,AWD,Bangalore
0,Diesel,SUV,Automatic,1,Tata,Tata New Safari,2021,₹ 22.50 Lakh,Comprehensive,"25,000 Kms",14.08 kmpl,1956 CC,6,White,6-Speed,,Bangalore
0,Petrol,Hatchback,Manual,1,Hyundai,Hyundai Grand i10,2018,₹ 6.25 Lakh,Comprehensive,"36,735 Kms",18.9 kmpl,1197 CC,5,Blue,5 Speed,FWD,Bangalore
0,Diesel,SUV,Automatic,1,Audi,Audi Q7,2015,₹ 26.95 Lakh,Comprehensive,"79,000 Kms",12.07 kmpl,2967 CC,7,White,8 Speed Tiptronic,AWD,Bangalore
0,Diesel,SUV,Manual,2,Mahindra,Mahindra Scorpio,2010,₹ 6.50 Lakh,Third Party insurance,"1,20,000 Kms",12.05 kmpl,2179 CC,8,Gray,5 Speed,FWD,Bangalore
0,Petrol,Hatchback,Automatic,1,Renault,Renault KWID,2022,₹ 5.50 Lakh,Third Party insurance,"10,000 Kms",22 kmpl,999 CC,5,Others,5 Speed,FWD,Bangalore
0,Diesel,SUV,Manual,1,Tata,Tata Nexon,2018,₹ 8.25 Lakh,Comprehensive,"53,645 Kms",21.5 kmpl,1497 CC,5,White,6 Speed,FWD,Bangalore
0,Petrol,Hatchback,Manual,2,Hyundai,Hyundai Getz,2006,₹ 2.20 Lakh,Third Party insurance,"1,00,000 Kms",15.3 kmpl,1341 CC,5,Others,5 Speed,,Bangalore
0,Petrol,Hatchback,Automatic,1,Maruti,Maruti Celerio,2014,₹ 4.28 Lakh,Comprehensive,"53,982 Kms",26.68 kmpl,998 CC,5,Others,5-Speed,,Bangalore
0,Diesel,Sedan,Manual,1,Skoda,Skoda Rapid,2014,₹ 6.95 Lakh,Third Party insurance,"1,10,000 Kms",21.14 kmpl,1498 CC,5,Black,5 Speed,FWD,Bangalore
0,Petrol,SUV,Manual,2,Ford,Ford Ecosport,2019,₹ 9.30 Lakh,Third Party insurance,"37,741 Kms",15.9 kmpl,1496 CC,5,White,5 Speed,FWD,Bangalore
0,Petrol,Hatchback,Manual,1,Maruti,Maruti Alto 800,2021,₹ 4.55 Lakh,Comprehensive,"17,367 Kms",22.05 kmpl,796 CC,5,Silver,5 Speed,,Bangalore
0,Diesel,SUV,Manual,1,Hyundai,Hyundai Creta,2017,₹ 11.95 Lakh,Comprehensive,"94,000 Kms",19.67 kmpl,1582 CC,5,Grey,6 Speed,FWD,Bangalore
0,Diesel,SUV,Automatic,1,Tata,Tata Harrier,2021,₹ 21.75 Lakh,Comprehensive,"33,700 Kms",14.6 kmpl,1956 CC,5,Grey,6-Speed,,Bangalore
0,Petrol,Hatchback,Manual,3,Maruti,Maruti Swift,2014,₹ 4.42 Lakh,Comprehensive,"54,601 Kms",22.38 kmpl,1197 CC,5,White,5-Speed,,Bangalore
0,Diesel,Hatchback,Manual,1,Maruti,Maruti Swift,2018,₹ 6.90 Lakh,Third Party insurance,"1,10,000 Kms",28.4 kmpl,1248 CC,5,Others,5,,Bangalore
0,Petrol,Hatchback,Manual,2,Maruti,Maruti Celerio,2017,₹ 5 Lakh,Third Party,"64,000 Kms",23.1 kmpl,998 CC,5,Red,5 Speed ,FWD,Bangalore
0,Diesel,Sedan,Automatic,1,BMW,BMW 3 Series GT,2016,₹ 33.95 Lakh,Comprehensive,"40,525 Kms",21.76 kmpl,1995 CC,5,White,8 Speed,RWD,Bangalore
0,Diesel,Sedan,Manual,1,Maruti,Maruti Ciaz,2015,₹ 6.50 Lakh,Third Party insurance,"1,00,000 Kms",26.21 kmpl,1248 CC,5,White,5 Speed,FWD,Bangalore
0,Petrol,Hatchback,Automatic,2,Honda,Honda Jazz,2016,₹ 5.37 Lakh,Comprehensive,"44,154 Kms",19 kmpl,1199 CC,5,White,5 Speed,FWD,Bangalore
0,Diesel,MUV,Manual,1,Renault,Renault Lodgy,2016,₹ 7.50 Lakh,Third Party insurance,"70,000 Kms",19.98 kmpl,1461 CC,7,White,6 Speed,FWD,Bangalore
0,Petrol,Sedan,Automatic,1,Skoda,Skoda Octavia,2018,₹ 17.90 Lakh,Comprehensive,"79,000 Kms",15.1 kmpl,1798 CC,5,White,7 Speed,FWD,Bangalore
0,Petrol,Hatchback,Manual,2,Tata,Tata Tiago,2017,₹ 4.68 Lakh,Third Party insurance,"68,039 Kms",23.84 kmpl,1199 CC,5,Orange,5 Speed,FWD,Bangalore
0,Petrol,Hatchback,Manual,2,Maruti,Maruti Ritz,2014,₹ 4.20 Lakh,Third Party insurance,"60,000 Kms",18.5 kmpl,1197 CC,5,Silver,5 Speed,FWD,Bangalore
0,Petrol,Hatchback,Manual,2,Maruti,Maruti Ritz,2014,₹ 4.20 Lakh,Third Party insurance,"60,000 Kms",18.5 kmpl,1197 CC,5,Silver,5 Speed,FWD,Bangalore
0,Petrol,Hatchback,Manual,1,Hyundai,Hyundai i20,2021,₹ 9.20 Lakh,Third Party insurance,"10,000 Kms",20 kmpl,998 CC,5,Others,6 Speed IMT,,Bangalore
0,Petrol,Sedan,Manual,1,Honda,Honda City,2013,₹ 5.33 Lakh,Third Party,"49,873 Kms",16.8 kmpl,1497 CC,5,Yellow,5 Speed,FWD,Bangalore
0,Petrol,Hatchback,Automatic,3,Volkswagen,Volkswagen Polo,2013,₹ 8.50 Lakh,Third Party insurance,"90,000 Kms",17.2 kmpl,1197 CC,5,Others,7 Speed,FWD,Bangalore
0,Diesel,Sedan,Manual,2,Skoda,Skoda Rapid,2017,₹ 7.51 Lakh,Third Party insurance,"48,960 Kms",21.13 kmpl,1498 CC,5,Silver,5 Speed,FWD,Bangalore
0,Diesel,Hatchback,Manual,2,Hyundai,Hyundai Grand i10,2014,₹ 3.88 Lakh,Third Party insurance,"70,000 Kms",24 kmpl,1120 CC,5,Others,5 Speed,FWD,Bangalore
0,Petrol,Hatchback,Manual,2,Hyundai,Hyundai i20,2013,₹ 4.90 Lakh,Comprehensive,"68,000 Kms",18.5 kmpl,1197 CC,5,Silver,5 Speed,FWD,Bangalore
0,Diesel,SUV,Manual,1,Mahindra,Mahindra KUV 100,2016,₹ 4.94 Lakh,Third Party,"23,017 Kms",25.32 kmpl,1198 CC,6,Orange,5 Speed,FWD,Bangalore
0,Diesel,Hatchback,Manual,2,Hyundai,Hyundai i20,2013,₹ 5.25 Lakh,Comprehensive,"83,000 Kms",21.27 kmpl,1396 CC,5,Brown,6 Speed,FWD,Bangalore
0,Diesel,SUV,Automatic,2,BMW,BMW X3,2016,₹ 28.90 Lakh,Comprehensive,"92,000 Kms",16.55 kmpl,1995 CC,5,White,8 Speed,4WD,Bangalore
0,Petrol,Hatchback,Manual,1,Maruti,Maruti Wagon R,2018,₹ 5.50 Lakh,Comprehensive,"62,139 Kms",20.51 kmpl,998 CC,5,Red,5 Speed,FWD,Bangalore
0,Lpg,Hatchback,Manual,1,Hyundai,Hyundai i10,2013,₹ 3.65 Lakh,Comprehensive,"74,000 Kms",19.2 kmpl,1086 CC,5,Grey,5 Speed,FWD,Bangalore
0,Petrol,Hatchback,Automatic,2,Renault,Renault KWID,2016,₹ 4.20 Lakh,Comprehensive,"26,500 Kms",24.04 kmpl,999 CC,5,Red,5 Speed,FWD,Bangalore
0,Diesel,Sedan,Automatic,1,Volvo,Volvo S60,2017,₹ 18.95 Lakh,Comprehensive,"81,716 Kms",27.03 kmpl,1969 CC,5,Silver,8 Speed,FWD,Bangalore
0,Diesel,Sedan,Automatic,2,Mercedes-Benz,Mercedes-Benz E-Class,2018,₹ 59.90 Lakh,Comprehensive,"24,000 Kms",17 kmpl,2987 CC,5,White,9 Speed,RWD,Bangalore
0,Petrol,SUV,Automatic,1,Mahindra,Mahindra XUV300,2022,₹ 10.50 Lakh,Third Party insurance,"10,000 Kms",17 kmpl,1197 CC,5,White,6-speed AutoSHIFT,FWD,Bangalore
0,Petrol,SUV,Automatic,1,MG,MG Hector Plus,2021,₹ 20.75 Lakh,Comprehensive,"18,000 Kms",16.56 kmpl,1451 CC,6,Black,6-speed CVT,,Bangalore
0,Petrol,Hatchback,Manual,1,Honda,Honda Brio,2013,₹ 3.94 Lakh,Third Party,"38,197 Kms",19.4 kmpl,1198 CC,5,Others,5 Speed,FWD,Bangalore
0,Petrol,Hatchback,Automatic,2,Maruti,Maruti Baleno,2017,₹ 7.25 Lakh,Comprehensive,"23,000 Kms",19.56 kmpl,1197 CC,5,Grey,CVT,FWD,Bangalore
0,Petrol,Hatchback,Manual,1,Maruti,Maruti Alto K10,2013,₹ 2.40 Lakh,Third Party insurance,"50,000 Kms",20.92 kmpl,998 CC,5,Red,5 Speed,FWD,Bangalore
0,Petrol,SUV,Automatic,1,Renault,Renault Kiger,2022,₹ 8.35 Lakh,Third Party insurance,"10,000 Kms",19.03 kmpl,999 CC,5,Others,5 Speed,,Bangalore
0,Petrol,Hatchback,Manual,1,Hyundai,Hyundai Grand i10,2019,₹ 6.95 Lakh,Third Party insurance,"19,000 Kms",18.9 kmpl,1197 CC,5,Blue,5 Speed,FWD,Bangalore
0,Petrol,SUV,Automatic,1,Kia,Kia Seltos,2020,₹ 17.25 Lakh,Comprehensive,"14,000 Kms",16.5 kmpl,1353 CC,5,White,7-Speed DCT,FWD,Bangalore
0,Petrol,Hatchback,Manual,1,Hyundai,Hyundai EON,2014,₹ 3.30 Lakh,Comprehensive,"29,268 Kms",21.1 kmpl,814 CC,5,White,5 Speed,FWD,Bangalore
0,Petrol,Sedan,Automatic,1,Volkswagen,Volkswagen Vento,2019,₹ 9.90 Lakh,Third Party insurance,"20,000 Kms",18.19 kmpl,1197 CC,5,Others,7 Speed,FWD,Bangalore
0,Petrol,Sedan,Manual,1,Toyota,Toyota Yaris,2018,₹ 7.50 Lakh,Third Party insurance,"30,000 Kms",17.1 kmpl,1496 CC,5,Others,6 Speed,FWD,Bangalore
0,Petrol,Hatchback,Automatic,1,Honda,Honda Jazz,2018,₹ 7.55 Lakh,,"64,374 Kms",19 kmpl,1199 CC,5,Grey,5 Speed,FWD,Bangalore
0,Diesel,SUV,Manual,1,MG,MG Hector,2021,₹ 17.50 Lakh,Third Party insurance,"30,000 Kms",17.41 kmpl,1956 CC,5,Others,6 Speed,FWD,Bangalore
0,Petrol,SUV,Automatic,1,Hyundai,Hyundai Alcazar,2022,₹ 20.83 Lakh,Comprehensive,"7,100 Kms",14.2 kmpl,1999 CC,6,White,6-speed,,Bangalore
0,Petrol,Hatchback,Manual,1,Hyundai,Hyundai i10,2010,₹ 2.71 Lakh,Comprehensive,"43,679 Kms",19.81 kmpl,1086 CC,5,Silver,5 Speed,FWD,Bangalore
0,Petrol,SUV,Automatic,1,Hyundai,Hyundai Creta,2018,₹ 12.80 Lakh,Third Party insurance,"40,000 Kms",14.8 kmpl,1591 CC,5,Others,6 Speed,FWD,Bangalore
0,Diesel,Hatchback,Manual,1,Hyundai,Hyundai i20,2012,₹ 4.36 Lakh,Third Party,"40,562 Kms",22.54 kmpl,1396 CC,5,Red,6 Speed,FWD,Bangalore
0,Petrol,SUV,Automatic,2,Hyundai,Hyundai Creta,2021,₹ 16.75 Lakh,Comprehensive,"26,500 Kms",,1397 CC,5,White,7-speed DCT,,Bangalore
0,Petrol,SUV,Automatic,1,Hyundai,Hyundai Venue,2019,₹ 12.50 Lakh,Third Party insurance,"20,000 Kms",18.15 kmpl,998 CC,5,Others,7-Speed,FWD,Bangalore
0,Diesel,SUV,Automatic,1,Mahindra,Mahindra XUV500,2016,₹ 13.50 Lakh,Third Party insurance,"58,600 Kms",16 kmpl,2179 CC,7,Silver,6 Speed,FWD,Bangalore
0,Petrol,SUV,Automatic,1,Hyundai,Hyundai Venue,2019,₹ 12.50 Lakh,Third Party insurance,"20,000 Kms",18.15 kmpl,998 CC,5,Others,7-Speed,FWD,Bangalore
0,Petrol,SUV,Automatic,1,Volkswagen,Volkswagen T-Roc,2020,₹ 22.25 Lakh,Comprehensive,"42,050 Kms",18.4 kmpl,1498 CC,5,White,7 Speed DSG,FWD,Bangalore
0,Petrol,Hatchback,Automatic,1,Maruti,Maruti Celerio,2015,₹ 4.75 Lakh,2,"65,017 Kms",23.1 kmpl,998 CC,5,White,5 Speed ,FWD,Bangalore
0,Diesel,Sedan,Automatic,2,BMW,BMW 3 Series,2008,₹ 6 Lakh,Third Party insurance,"80,000 Kms",13.2 kmpl,1995 CC,5,Others,6 Speed,,Bangalore
0,Petrol,SUV,Automatic,1,Jeep,Jeep Compass,2021,₹ 24.50 Lakh,Third Party insurance,"30,000 Kms",14.1 kmpl,1368 CC,5,Others,7 Speed DCT,4x2,Bangalore
0,Petrol,SUV,Automatic,1,Kia,Kia Seltos,2020,₹ 16.25 Lakh,Third Party insurance,"20,000 Kms",16.5 kmpl,1353 CC,5,Others,7-Speed DCT,FWD,Bangalore
0,Diesel,Sedan,Automatic,1,Skoda,Skoda Superb,2014,₹ 16.50 Lakh,,"36,349 Kms",17.2 kmpl,1968 CC,5,White,6 Speed,FWD,Bangalore
0,Petrol,Hatchback,Manual,3,Hyundai,Hyundai i10,2009,₹ 2.49 Lakh,Third Party insurance,"80,000 Kms",20.36 kmpl,1197 CC,5,Others,5 Speed,FWD,Bangalore
0,Petrol,SUV,Manual,2,Renault,Renault Duster,2014,₹ 6.30 Lakh,,"83,394 Kms",13.24 kmpl,1598 CC,5,Red,5 Speed,FWD,Bangalore
0,Diesel,SUV,Automatic,2,Audi,Audi Q5,2016,₹ 25.99 Lakh,Third Party insurance,"30,000 Kms",14.16 kmpl,1968 CC,5,Others,7 Speed,AWD,Bangalore
0,Petrol,Hatchback,Manual,3,Hyundai,Hyundai i10,2009,₹ 2.49 Lakh,Third Party insurance,"80,000 Kms",20.36 kmpl,1197 CC,5,Others,5 Speed,FWD,Bangalore
0,Petrol,Hatchback,Manual,1,Maruti,Maruti Alto K10,2017,₹ 3.85 Lakh,Third Party,"52,204 Kms",24.39 kmpl,998 CC,5,Silver,5 Speed,,Bangalore
0,Petrol,Hatchback,Manual,3,Hyundai,Hyundai i20,2012,₹ 3 Lakh,Third Party insurance,"1,10,000 Kms",17 kmpl,1197 CC,5,Red,5 Speed,FWD,Bangalore
0,Diesel,SUV,Automatic,1,Ford,Ford Endeavour,2017,₹ 29.75 Lakh,Third Party insurance,"89,000 Kms",10.91 kmpl,3198 CC,7,Black,6 Speed,4WD,Bangalore
0,Petrol,Hatchback,Manual,2,Maruti,Maruti Alto 800,2014,₹ 2.76 Lakh,Comprehensive,"29,813 Kms",22.05 kmpl,796 CC,5,Others,5 Speed,,Bangalore
0,Petrol,Hatchback,Manual,1,Ford,Ford Figo,2018,₹ 5 Lakh,Third Party insurance,"30,000 Kms",18.16 kmpl,1196 CC,5,Gray,5 Speed,FWD,Bangalore
0,Petrol,Hatchback,Automatic,1,Maruti,Maruti Ignis,2020,₹ 7.30 Lakh,Comprehensive,"13,345 Kms",20.89 kmpl,1197 CC,5,White,5 Speed,FWD,Bangalore
0,Diesel,SUV,Automatic,1,Hyundai,Hyundai Alcazar,2022,₹ 22.45 Lakh,Comprehensive,"17,100 Kms",18.1 kmpl,1498 CC,7,Grey,6-speed,,Bangalore
0,Petrol,Hatchback,Manual,1,Hyundai,Hyundai Grand i10,2014,₹ 3.99 Lakh,Comprehensive,"75,000 Kms",18.9 kmpl,1197 CC,5,Grey,5 Speed,FWD,Bangalore
0,Petrol,Hatchback,Manual,2,Hyundai,Hyundai i10,2011,₹ 3.12 Lakh,Comprehensive,"75,523 Kms",20.36 kmpl,1197 CC,5,Red,5 Speed,FWD,Bangalore
0,Diesel,SUV,Manual,1,Mahindra,Mahindra XUV500,2015,₹ 12.75 Lakh,Comprehensive,"47,000 Kms",16 kmpl,2179 CC,7,Silver,6 Speed,FWD,Bangalore
0,Diesel,SUV,Manual,1,Tata,Tata Harrier,2022,₹ 19.90 Lakh,Comprehensive,"36,500 Kms",16.35 kmpl,1956 CC,5,White,6-Speed,,Bangalore
0,Petrol,MUV,Manual,1,Renault,Renault Triber,2020,₹ 7.19 Lakh,Comprehensive,"28,253 Kms",20 kmpl,999 CC,7,Silver,5 Speed,,Bangalore
0,Diesel,SUV,Manual,1,Hyundai,Hyundai Creta,2016,₹ 12.60 Lakh,Third Party insurance,"50,000 Kms",19.67 kmpl,1582 CC,5,White,6 Speed,FWD,Bangalore
0,Petrol,Hatchback,Manual,2,Hyundai,Hyundai i10,2010,₹ 3 Lakh,Third Party insurance,"90,000 Kms",20.36 kmpl,1197 CC,5,Others,5 Speed,FWD,Bangalore
0,Diesel,SUV,Automatic,2,BMW,BMW X5,2016,₹ 39.81 Lakh,Third Party insurance,"70,000 Kms",15.97 kmpl,2993 CC,5,Others,8 Speed,4WD,Bangalore
0,Petrol,Hatchback,Manual,1,Hyundai,Hyundai i20,2016,₹ 6.27 Lakh,Comprehensive,"52,571 Kms",18.6 kmpl,1197 CC,5,Grey,5 Speed,FWD,Bangalore
0,Diesel,Sedan,Automatic,2,BMW,BMW 3 Series,2010,₹ 13 Lakh,Third Party insurance,"70,000 Kms",16.07 kmpl,1995 CC,5,Others,6 Speed,,Bangalore
0,Petrol,Sedan,Manual,1,Honda,Honda City,2015,₹ 6.72 Lakh,Comprehensive,"61,993 Kms",17.4 kmpl,1497 CC,5,Silver,5 Speed ,FWD,Bangalore
0,Diesel,SUV,Automatic,1,Hyundai,Hyundai Tucson,2017,₹ 18.25 Lakh,Comprehensive,"57,000 Kms",16.38 kmpl,1995 CC,5,White,6 Speed,2WD,Bangalore
0,Diesel,SUV,Manual,2,Toyota,Toyota Fortuner,2021,₹ 35 Lakh,Third Party insurance,"80,000 Kms",14.24 kmpl,2755 CC,7,Others,6 Speed,RWD,Bangalore
0,Petrol,Hatchback,Manual,1,Hyundai,Hyundai i20,2013,₹ 4.40 Lakh,Comprehensive,"36,359 Kms",18.5 kmpl,1197 CC,5,Blue,5 Speed,FWD,Bangalore
0,Diesel,SUV,Manual,2,Tata,Tata Harrier,2019,₹ 14.60 Lakh,Third Party insurance,"70,000 Kms",17 kmpl,1956 CC,5,Others,6,FWD,Bangalore
0,Petrol,SUV,Automatic,1,MG,MG Hector,2022,₹ 20.41 Lakh,Comprehensive,"7,500 Kms",,1451 CC,5,White,8-Speed,FWD,Bangalore
0,Petrol,Sedan,Automatic,1,Hyundai,Hyundai Verna,2017,₹ 10.33 Lakh,Comprehensive,"30,301 Kms",17 kmpl,1591 CC,5,Black,6 Speed,FWD,Bangalore
0,Petrol,Hatchback,Manual,1,Hyundai,Hyundai i10,2010,₹ 2.75 Lakh,Comprehensive,"66,000 Kms",20.36 kmpl,1197 CC,5,Golden,5 Speed,FWD,Bangalore
0,Petrol,Hatchback,Manual,1,Hyundai,Hyundai i20,2017,₹ 6.76 Lakh,Comprehensive,"56,010 Kms",18.6 kmpl,1197 CC,5,White,5 Speed,FWD,Bangalore
0,Diesel,SUV,Automatic,1,Mercedes-Benz,Mercedes-Benz GLC,2017,₹ 42.90 Lakh,Comprehensive,"47,000 Kms",17.9 kmpl,2143 CC,5,White,9 Speed,AWD,Bangalore
0,Diesel,SUV,Manual,2,Nissan,Nissan Terrano,2014,₹ 6.50 Lakh,Third Party insurance,"60,000 Kms",19.01 kmpl,1461 CC,5,Others,6 Speed,FWD,Bangalore
0,Diesel,Hatchback,Manual,1,Maruti,Maruti Swift,2014,₹ 4.44 Lakh,Third Party insurance,"83,829 Kms",25.2 kmpl,1248 CC,5,Red,5 Speed,FWD,Bangalore
0,Petrol,Hatchback,Automatic,1,Renault,Renault KWID,2020,₹ 5.10 Lakh,Third Party insurance,"10,000 Kms",22 kmpl,999 CC,5,Others,5 Speed,FWD,Bangalore
0,Diesel,SUV,Automatic,2,Renault,Renault Duster,2016,₹ 9.25 Lakh,Comprehensive,"35,000 Kms",19.6 kmpl,1461 CC,5,Grey,6 Speed,FWD,Bangalore
0,Petrol,Sedan,Automatic,2,Honda,Honda City,2019,₹ 10.24 Lakh,Comprehensive,"51,116 Kms",18 kmpl,1497 CC,5,White,CVT,FWD,Bangalore
0,Diesel,Sedan,Manual,3,Skoda,Skoda Rapid,2016,₹ 5 Lakh,Third Party insurance,"80,000 Kms",21.14 kmpl,1498 CC,5,Others,5-speed,FWD,Bangalore
0,Petrol,Hatchback,Automatic,2,Volkswagen,Volkswagen Polo,2017,₹ 9.95 Lakh,Third Party insurance,"40,000 Kms",17.21 kmpl,1197 CC,5,Others,7 Speed,FWD,Bangalore
0,Petrol,SUV,Automatic,2,Honda,Honda CR-V,2012,₹ 9.35 Lakh,Comprehensive,"85,565 Kms",11.1 kmpl,2354 CC,5,White,5 Speed,AWD,Bangalore
0,Petrol,SUV,Manual,1,Ford,Ford Ecosport,2018,₹ 8.34 Lakh,Comprehensive,"36,916 Kms",17 kmpl,1497 CC,5,Others,5 Speed,FWD,Bangalore
0,Diesel,Hatchback,Manual,1,Volkswagen,Volkswagen Polo,2015,₹ 5.60 Lakh,Third Party insurance,"90,000 Kms",20.14 kmpl,1498 CC,5,Others,5 Speed,FWD,Bangalore
0,Petrol,Hatchback,Manual,1,Maruti,Maruti Swift,2012,₹ 4.54 Lakh,Comprehensive,"1,12,795 Kms",22.38 kmpl,1197 CC,5,Silver,5-Speed,,Bangalore
0,Petrol,Sedan,Automatic,1,Mercedes-Benz,Mercedes-Benz A-Class Limousine,2021,₹ 36.90 Lakh,Comprehensive,"11,000 Kms",,1332 CC,5,Silver,7-Speed DCT,,Bangalore
0,Petrol,MUV,Manual,2,Toyota,Toyota Innova,2014,₹ 11 Lakh,Third Party insurance,"1,20,000 Kms",11.4 kmpl,1998 CC,7,Others,5 Speed,RWD,Bangalore
0,Petrol,Hatchback,Manual,2,Honda,Honda Brio,2016,₹ 4.62 Lakh,Comprehensive,"36,685 Kms",19.4 kmpl,1198 CC,5,Red,5 Speed,FWD,Bangalore
0,Diesel,SUV,Automatic,2,Hyundai,Hyundai Santa Fe,2012,₹ 9 Lakh,Third Party insurance,"1,20,000 Kms",11.72 kmpl,2199 CC,7,Others,6 speed ,AWD,Bangalore
0,Petrol,Sedan,Automatic,1,BMW,BMW 6 Series,2022,₹ 79 Lakh,Comprehensive,"4,000 Kms",13.32 kmpl,1998 CC,4,Blue,8-Speed Steptronic Sport Automatic Transmission,,Bangalore
0,Petrol,Hatchback,Automatic,2,Maruti,Maruti Baleno,2019,₹ 8.43 Lakh,Third Party,"32,184 Kms",21.4 kmpl,1197 CC,5,Silver,CVT,FWD,Bangalore
0,Petrol,Hatchback,Manual,1,Maruti,Maruti Baleno RS,2018,₹ 7.99 Lakh,Comprehensive,"32,279 Kms",21.1 kmpl,998 CC,5,White,5 Speed,FWD,Bangalore
0,Petrol,Hatchback,Manual,1,Hyundai,Hyundai i20,2015,₹ 5.76 Lakh,Comprehensive,"59,698 Kms",18.6 kmpl,1197 CC,5,White,5 Speed,FWD,Bangalore
0,Diesel,SUV,Manual,1,Renault,Renault Captur,2018,₹ 9.49 Lakh,Comprehensive,"46,071 Kms",20.37 kmpl,1461 CC,5,Grey,6 Speed,,Bangalore
0,Diesel,SUV,Manual,1,Maruti,Maruti Vitara Brezza,2017,₹ 7.95 Lakh,Third Party insurance,"90,000 Kms",24.3 kmpl,1248 CC,5,Yellow,5 Speed,FWD,Bangalore
0,Petrol,SUV,Manual,1,Hyundai,Hyundai Venue,2019,₹ 10.85 Lakh,Third Party,"9,554 Kms",18.27 kmpl,998 CC,5,Blue,6-Speed,FWD,Bangalore
0,Petrol,SUV,Automatic,1,Jeep,Jeep Compass,2022,₹ 25.90 Lakh,Comprehensive,"14,000 Kms",14.1 kmpl,1368 CC,5,Green,7 Speed DCT,4x2,Bangalore
0,Diesel,SUV,Manual,2,Renault,Renault Duster,2013,₹ 5.16 Lakh,Third Party,"74,499 Kms",20.45 kmpl,1461 CC,5,Brown,5 speed,FWD,Bangalore
0,Petrol,SUV,Automatic,2,Ford,Ford Ecosport,2017,₹ 7.77 Lakh,Comprehensive,"56,211 Kms",14.8 kmpl,1497 CC,5,Grey,6 Speed,FWD,Bangalore
0,Petrol,Hatchback,Manual,1,Honda,Honda Jazz,2019,₹ 7.53 Lakh,Comprehensive,"9,001 Kms",18.2 kmpl,1199 CC,5,White,5 Speed,FWD,Bangalore
0,Diesel,SUV,Automatic,2,Mahindra,Mahindra XUV500,2017,₹ 12.26 Lakh,Third Party insurance,"65,457 Kms",16 kmpl,1997 CC,7,Orange,6 Speed,FWD,Bangalore
0,Petrol,Hatchback,Manual,1,Honda,Honda Jazz,2017,₹ 7.25 Lakh,Comprehensive,"23,682 Kms",18.7 kmpl,1199 CC,5,Red,5 Speed,FWD,Bangalore
0,Diesel,Sedan,Manual,1,Hyundai,Hyundai Verna,2020,₹ 11.50 Lakh,Third Party insurance,"50,000 Kms",22 kmpl,1582 CC,5,Red,6 Speed,FWD,Bangalore
0,Diesel,Hatchback,Manual,2,Maruti,Maruti Swift,2015,₹ 6.29 Lakh,Comprehensive,"1,34,557 Kms",25.2 kmpl,1248 CC,5,White,5 Speed,FWD,Bangalore
0,Petrol,Sedan,Manual,2,Maruti,Maruti Swift Dzire,2013,₹ 4.47 Lakh,Comprehensive,"96,567 Kms",22.41 kmpl,1197 CC,5,Blue,5 Speed,,Bangalore
0,Petrol,Hatchback,Manual,3,Maruti,Maruti Celerio,2015,₹ 4 Lakh,Third Party insurance,"1,20,000 Kms",23.1 kmpl,998 CC,5,White,5 Speed ,FWD,Bangalore
0,Diesel,MUV,Manual,2,Maruti,Maruti Ertiga,2014,₹ 7.86 Lakh,Comprehensive,"83,007 Kms",20.77 kmpl,1248 CC,7,White,5 Speed ,FWD,Bangalore
0,Petrol,Hatchback,Manual,1,Honda,Honda Jazz,2018,₹ 7.45 Lakh,Comprehensive,"34,000 Kms",18.7 kmpl,1199 CC,5,Maroon,5 Speed,FWD,Bangalore
0,Petrol,Hatchback,Automatic,1,Hyundai,Hyundai Grand i10,2014,₹ 4.90 Lakh,Comprehensive,"81,634 Kms",18.9 kmpl,1197 CC,5,White,4 Speed,FWD,Bangalore
0,Petrol,Sedan,Automatic,2,Honda,Honda City,2017,₹ 9.42 Lakh,Comprehensive,"57,284 Kms",18 kmpl,1497 CC,5,Brown,CVT,FWD,Bangalore
0,Petrol,SUV,Automatic,2,Ford,Ford Ecosport,2016,₹ 6.75 Lakh,Third Party insurance,"70,000 Kms",15.63 kmpl,1499 CC,5,Silver,6 Speed,FWD,Bangalore
0,Petrol,Hatchback,Manual,2,Honda,Honda Brio,2013,₹ 3.30 Lakh,Third Party insurance,"70,000 Kms",19.4 kmpl,1198 CC,5,Red,5 Speed,FWD,Bangalore
0,Petrol,Sedan,Automatic,2,Toyota,Toyota Yaris,2018,₹ 8.75 Lakh,Third Party insurance,"46,429 Kms",17.8 kmpl,1496 CC,5,White,7 Speed CVT,FWD,Bangalore
0,Petrol,Hatchback,Manual,1,Maruti,Maruti Baleno,2017,₹ 8.69 Lakh,Comprehensive,"17,624 Kms",21.4 kmpl,1197 CC,5,White,5 Speed,FWD,Bangalore
0,Diesel,Sedan,Manual,2,Volkswagen,Volkswagen Vento,2012,₹ 4.25 Lakh,Third Party insurance,"1,00,000 Kms",20.54 kmpl,1598 CC,5,Blue,5 Speed,FWD,Bangalore
0,Petrol,Sedan,Manual,1,Honda,Honda City,2019,₹ 10.70 Lakh,Third Party insurance,"30,000 Kms",17.4 kmpl,1497 CC,5,Others,5 Speed,FWD,Bangalore
0,Petrol,SUV,Manual,2,Ford,Ford Ecosport,2018,₹ 10.25 Lakh,Third Party insurance,"49,690 Kms",15.9 kmpl,1496 CC,5,Blue,5 Speed,FWD,Bangalore
0,Diesel,SUV,Manual,1,Mahindra,Mahindra XUV500,2016,₹ 10 Lakh,Third Party insurance,"1,10,000 Kms",16 kmpl,2179 CC,7,White,6 Speed ,FWD,Bangalore
0,Petrol,Sedan,Manual,1,Fiat,Fiat Linea,2009,₹ 3.75 Lakh,Third Party insurance,"50,000 Kms",16 kmpl,1368 CC,5,Gray,Five Speed Manual,Front Wheel Drive,Bangalore
0,Petrol,Sedan,Manual,1,Fiat,Fiat Linea,2009,₹ 3.75 Lakh,Third Party insurance,"50,000 Kms",16 kmpl,1368 CC,5,Gray,Five Speed Manual,Front Wheel Drive,Bangalore
0,Petrol,SUV,Automatic,1,Ford,Ford Ecosport,2018,₹ 8.44 Lakh,Comprehensive,"55,702 Kms",14.8 kmpl,1497 CC,5,Silver,6 Speed,FWD,Bangalore
0,Diesel,Hatchback,Manual,1,Hyundai,Hyundai i20 Active,2016,₹ 7.64 Lakh,Third Party insurance,"45,046 Kms",21.19 kmpl,1396 CC,5,Brown,6 Speed,FWD,Bangalore
0,Petrol,Hatchback,Manual,2,Maruti,Maruti Ritz,2014,₹ 4.20 Lakh,Third Party insurance,"53,000 Kms",18.5 kmpl,1197 CC,5,Silver,5 Speed,FWD,Bangalore
0,Diesel,Hatchback,Manual,1,Maruti,Maruti Baleno,2016,₹ 6.84 Lakh,Third Party insurance,"94,695 Kms",27.39 kmpl,1248 CC,5,Red,5 Speed,FWD,Bangalore
0,Petrol,Hatchback,Manual,1,Maruti,Maruti Baleno,2019,₹ 8.03 Lakh,Zero Dep,"22,162 Kms",21.4 kmpl,1197 CC,5,Silver,5 Speed,FWD,Bangalore
0,Petrol,Hatchback,Manual,2,Hyundai,Hyundai Santro Xing,2010,₹ 3.20 Lakh,Third Party insurance,"70,000 Kms",17.92 kmpl,1086 CC,5,Others,5 Speed,FWD,Bangalore
0,Diesel,Sedan,Manual,1,Honda,Honda City,2017,₹ 8.04 Lakh,Comprehensive,"1,15,331 Kms",26 kmpl,1498 CC,5,Silver,6 Speed,FWD,Bangalore
0,Diesel,Sedan,Automatic,2,Mercedes-Benz,Mercedes-Benz E-Class,2013,₹ 14 Lakh,Third Party insurance,"70,000 Kms",10 kmpl,2148 CC,5,Others,5 Speed,RWD,Bangalore
0,Petrol,Hatchback,Manual,2,Maruti,Maruti Swift,2016,₹ 5.48 Lakh,Comprehensive,"42,233 Kms",22.38 kmpl,1197 CC,5,White,5-Speed,,Bangalore
0,Petrol,Hatchback,Manual,1,Hyundai,Hyundai Grand i10,2019,₹ 6.19 Lakh,Comprehensive,"20,941 Kms",18.9 kmpl,1197 CC,5,Others,5 Speed,FWD,Bangalore
0,Diesel,SUV,Manual,2,Maruti,Maruti Vitara Brezza,2018,₹ 10 Lakh,Third Party insurance,"50,000 Kms",24.3 kmpl,1248 CC,5,Red,5 Speed,FWD,Bangalore
0,Petrol,SUV,Manual,1,Honda,Honda WR-V,2018,₹ 8.65 Lakh,Comprehensive,"46,602 Kms",17.5 kmpl,1199 CC,5,Brown,5 Speed,FWD,Bangalore
0,Diesel,SUV,Automatic,2,Mahindra Ssangyong,Mahindra Ssangyong Rexton,2014,₹ 10 Lakh,Third Party insurance,"50,000 Kms",11.18 kmpl,2696 CC,7,White,5 Speed,AWD,Bangalore
0,Diesel,Hatchback,Manual,2,Maruti,Maruti Swift,2014,₹ 5.35 Lakh,Comprehensive,"1,04,000 Kms",25.2 kmpl,1248 CC,5,Red,5 Speed,FWD,Bangalore
0,Diesel,SUV,Manual,1,Ford,Ford Ecosport,2018,₹ 9.75 Lakh,Comprehensive,"90,000 Kms",23 kmpl,1498 CC,5,Brown,5 Speed,FWD,Bangalore
0,Petrol,Hatchback,Manual,1,Maruti,Maruti Baleno,2017,₹ 6.99 Lakh,Third Party insurance,"50,035 Kms",21.4 kmpl,1197 CC,5,Blue,5 Speed,FWD,Bangalore
0,Petrol,SUV,Manual,1,Tata,Tata Nexon,2021,₹ 11.50 Lakh,Third Party insurance,"80,000 Kms",17.57 kmpl,1199 CC,5,Gray,6-Speed,,Bangalore
0,Petrol,Hatchback,Manual,2,Hyundai,Hyundai i20,2015,₹ 6.25 Lakh,Comprehensive,"90,000 Kms",18.6 kmpl,1197 CC,5,Maroon,5 Speed,FWD,Bangalore
0,Diesel,Sedan,Automatic,4,Mercedes-Benz,Mercedes-Benz E-Class,2011,₹ 10 Lakh,Third Party insurance,"90,000 Kms",14.21 kmpl,2143 CC,5,Others,5 Speed,Rear Wheel Drive with ESP,Bangalore
0,Diesel,Sedan,Manual,1,Toyota,Toyota Corolla Altis,2011,₹ 6 Lakh,Third Party insurance,"1,20,000 Kms",21.43 kmpl,1364 CC,5,Silver,6 Speed,FWD,Bangalore
0,Petrol,Sedan,Manual,1,Maruti,Maruti Swift Dzire,2015,₹ 6.75 Lakh,Third Party,"25,170 Kms",22.41 kmpl,1197 CC,5,Blue,5 Speed,,Bangalore
0,Petrol,Sedan,Manual,1,Maruti,Maruti Ciaz,2021,₹ 8.93 Lakh,Comprehensive,"25,022 Kms",20.65 kmpl,1462 CC,5,Others,5 Speed,FWD,Bangalore
0,Diesel,Hatchback,Manual,2,Maruti,Maruti Swift,2012,₹ 4.20 Lakh,Third Party insurance,"1,00,000 Kms",22.9 kmpl,1248 CC,5,Others,5 Speed,FWD,Bangalore
0,Petrol,Sedan,Manual,1,Maruti,Maruti Ciaz,2020,₹ 9.41 Lakh,Zero Dep,"26,367 Kms",20.65 kmpl,1462 CC,5,Others,5 Speed,FWD,Bangalore
0,Petrol,Sedan,Automatic,2,Hyundai,Hyundai Elantra,2015,₹ 6.30 Lakh,Zero Dep,"76,567 Kms",14.5 kmpl,1797 CC,5,Silver,6 Speed,FWD,Bangalore
0,Diesel,MUV,Manual,2,Toyota,Toyota Innova,2013,₹ 12.75 Lakh,Third Party insurance,"1,20,000 Kms",12.99 kmpl,2494 CC,7,Others,5 Speed,RWD,Bangalore
0,Petrol,Hatchback,Automatic,2,Hyundai,Hyundai Grand i10,2015,₹ 5.25 Lakh,Comprehensive,"36,459 Kms",18.9 kmpl,1197 CC,5,Red,4 Speed,FWD,Bangalore
0,Diesel,SUV,Manual,1,Maruti,Maruti SX4 S Cross,2016,₹ 7.50 Lakh,Comprehensive,"93,725 Kms",23.65 kmpl,1248 CC,5,Grey,5 Speed,FWD,Bangalore
0,Petrol,Sedan,Automatic,2,Maruti,Maruti Ciaz,2016,₹ 6.32 Lakh,Comprehensive,"1,15,599 Kms",19.12 kmpl,1373 CC,5,Silver,4 Speed,FWD,Bangalore
0,Petrol,Sedan,Manual,1,Maruti,Maruti Swift Dzire,2015,₹ 6.45 Lakh,Zero Dep,"43,469 Kms",22.41 kmpl,1197 CC,5,Red,5 Speed,,Bangalore
0,Petrol,Sedan,Manual,4,Ford,Ford Ikon,2005,₹ 5 Lakh,Third Party insurance,"70,000 Kms",13.8 kmpl,1299 CC,5,Others,5 Speed,FWD,Bangalore
0,Diesel,SUV,Automatic,2,BMW,BMW X5,2019,₹ 67.95 Lakh,Comprehensive,"77,000 Kms",13.38 kmpl,2993 CC,5,White,8-Speed Steptronic,AWD,Bangalore
0,Diesel,SUV,Manual,1,Maruti,Maruti Vitara Brezza,2018,₹ 8.50 Lakh,Comprehensive,"1,00,000 Kms",24.3 kmpl,1248 CC,5,Red,5 Speed,FWD,Bangalore
0,Petrol,Sedan,Manual,1,Mitsubishi,Mitsubishi Cedia,2008,₹ 2.99 Lakh,Third Party insurance,"72,000 Kms",14.7 kmpl,1999 CC,5,Silver,5 Speed,,Bangalore
0,Diesel,Sedan,Automatic,1,Jaguar,Jaguar XF,2013,₹ 20.95 Lakh,Comprehensive,"77,000 Kms",16.36 kmpl,2179 CC,5,Blue,8 Speed,RWD,Bangalore
0,Diesel,SUV,Automatic,1,Audi,Audi Q7,2013,₹ 28 Lakh,Comprehensive,"87,101 Kms",12.07 kmpl,2967 CC,7,White,8 Speed Tiptronic,AWD,Bangalore
0,Petrol,Hatchback,Manual,2,Volkswagen,Volkswagen Polo,2021,₹ 9.99 Lakh,Third Party,"40,771 Kms",18.24 kmpl,999 CC,5,Silver,6 Speed,FWD,Bangalore
0,Petrol,Hatchback,Manual,1,Honda,Honda Jazz,2018,₹ 8.25 Lakh,Comprehensive,"28,000 Kms",18.7 kmpl,1199 CC,5,Silver,5 Speed,FWD,Bangalore
0,Petrol,Hatchback,Manual,3,Maruti,Maruti Wagon R,2008,₹ 2.50 Lakh,Comprehensive,"40,000 Kms",18.9 kmpl,1061 CC,5,Silver,5 Speed,FWD,Bangalore
0,Petrol,SUV,Automatic,1,Hyundai,Hyundai Venue,2020,₹ 12.95 Lakh,Comprehensive,"26,000 Kms",18.15 kmpl,998 CC,5,White,7-Speed DCT,FWD,Bangalore
0,Petrol,Hatchback,Manual,1,Maruti,Maruti Wagon R,2012,₹ 3.29 Lakh,Comprehensive,"76,032 Kms",18.9 kmpl,998 CC,5,Silver,5 Speed,FWD,Bangalore
0,Petrol,Sedan,Manual,1,Maruti,Maruti Ciaz,2018,₹ 6.66 Lakh,Comprehensive,"1,13,780 Kms",21.56 kmpl,1462 CC,5,Blue,5 Speed,FWD,Bangalore
0,Diesel,Sedan,Automatic,1,Audi,Audi A3,2019,₹ 22.90 Lakh,Third Party insurance,"24,000 Kms",20.38 kmpl,1968 CC,5,White,6 Speed,FWD,Bangalore
0,Diesel,SUV,Manual,2,Hyundai,Hyundai Venue,2020,₹ 10.26 Lakh,Third Party,"65,812 Kms",23.7 kmpl,1493 CC,5,White,6-Speed,FWD,Bangalore
0,Petrol,SUV,Automatic,1,Skoda,Skoda Kushaq,2022,₹ 17 Lakh,Third Party insurance,"10,000 Kms",17.2 kmpl,999 CC,5,Red,6-speed,FWD,Bangalore
0,Petrol,Hatchback,Manual,1,Maruti,Maruti Baleno,2016,₹ 6.81 Lakh,Zero Dep,"39,959 Kms",21.4 kmpl,1197 CC,5,Orange,5 Speed,FWD,Bangalore
0,Petrol,SUV,Automatic,1,Hyundai,Hyundai Alcazar,2022,₹ 16.90 Lakh,Third Party insurance,"10,000 Kms",14.2 kmpl,1999 CC,7,Others,6-speed,,Bangalore
0,Petrol,Hatchback,Manual,3,Maruti,Maruti Alto K10,2016,₹ 3.18 Lakh,Third Party insurance,"65,484 Kms",24.39 kmpl,998 CC,5,Others,5 Speed,,Bangalore
0,Petrol,Hatchback,Manual,1,Maruti,Maruti Baleno,2017,₹ 6.88 Lakh,Comprehensive,"49,174 Kms",21.4 kmpl,1197 CC,5,Red,5 Speed,FWD,Bangalore
0,Petrol,SUV,Manual,1,Volkswagen,Volkswagen Taigun,2022,₹ 13 Lakh,Third Party insurance,"20,000 Kms",20.08 kmpl,999 CC,5,Red,6-Speed,,Bangalore
0,Petrol,Hatchback,Manual,1,Hyundai,Hyundai i10,2009,₹ 2.65 Lakh,Third Party insurance,"50,000 Kms",20.36 kmpl,1197 CC,5,Others,5 Speed,FWD,Bangalore
0,Petrol,Sedan,Automatic,2,Maruti,Maruti Swift Dzire,2018,₹ 6.45 Lakh,Third Party insurance,"40,000 Kms",22 kmpl,1197 CC,5,Others,5 Speed,FWD,Bangalore
0,Petrol,SUV,Automatic,1,Hyundai,Hyundai Alcazar,2022,₹ 20 Lakh,Third Party insurance,"30,000 Kms",14.2 kmpl,1999 CC,7,White,6-speed,,Bangalore
0,Petrol,Coupe,Automatic,3,BMW,BMW 3 Series,2007,₹ 9 Lakh,Third Party insurance,"50,000 Kms",10.9 kmpl,2497 CC,5,Others,6 Speed,,Bangalore
0,Petrol,Hatchback,Manual,1,Maruti,Maruti Swift,2020,₹ 6.20 Lakh,Third Party insurance,"80,000 Kms",21.21 kmpl,1197 CC,5,Others,5,FWD,Bangalore
0,Petrol,SUV,Manual,1,MG,MG Astor,2022,₹ 14.70 Lakh,Third Party insurance,"20,000 Kms",15.43 kmpl,1498 CC,5,Others,5 Speed,,Bangalore
0,Cng,Sedan,Manual,1,Hyundai,Hyundai Accent,2010,₹ 2.20 Lakh,Third Party insurance,"70,000 Kms",13.2 kmpl,1495 CC,5,Others,5-Speed,FWD,Bangalore
0,Diesel,Sedan,Automatic,1,Audi,Audi A4,2014,₹ 14.75 Lakh,Third Party insurance,"90,000 Kms",17.11 kmpl,1968 CC,5,Others,8 Speed,FWD,Bangalore
0,Petrol,Hatchback,Manual,1,Renault,Renault KWID,2020,₹ 4.15 Lakh,Third Party insurance,"40,000 Kms",21.74 kmpl,999 CC,5,Blue,5 Speed,FWD,Bangalore
0,Petrol,Hatchback,Manual,1,Honda,Honda Jazz,2016,₹ 6.10 Lakh,Comprehensive,"63,797 Kms",18.7 kmpl,1199 CC,5,Brown,5 Speed,FWD,Bangalore
0,Petrol,Hatchback,Manual,2,Hyundai,Hyundai Grand i10,2018,₹ 5.60 Lakh,Comprehensive,"60,216 Kms",18.9 kmpl,1197 CC,5,Red,5 Speed,FWD,Bangalore
0,Petrol,Hatchback,Automatic,2,Maruti,Maruti Alto K10,2015,₹ 4.25 Lakh,Third Party insurance,"10,000 Kms",23.95 kmpl,998 CC,5,Others,5 Speed,FWD,Bangalore
0,Petrol,Hatchback,Manual,1,Maruti,Maruti Baleno,2016,₹ 6.86 Lakh,Comprehensive,"38,153 Kms",21.4 kmpl,1197 CC,5,Silver,5 Speed,FWD,Bangalore
0,Petrol,Hatchback,Manual,1,Maruti,Maruti Swift,2015,₹ 5.17 Lakh,Comprehensive,"76,485 Kms",22.38 kmpl,1197 CC,5,Silver,5-Speed,,Bangalore
0,Petrol,Hatchback,Manual,2,Maruti,Maruti Wagon R,2015,₹ 3.85 Lakh,Third Party insurance,"40,000 Kms",20.51 kmpl,998 CC,5,Others,5 Speed,FWD,Bangalore
0,Petrol,Hatchback,Manual,1,Maruti,Maruti Baleno,2016,₹ 6.75 Lakh,Comprehensive,"40,623 Kms",21.4 kmpl,1197 CC,5,Blue,5 Speed,FWD,Bangalore
0,Diesel,Sedan,Automatic,2,Mercedes-Benz,Mercedes-Benz C-Class,2018,₹ 33 Lakh,Third Party insurance,"18,000 Kms",19.27 kmpl,2143 CC,5,Red,9 Speed,RWD,Bangalore
0,Petrol,Hatchback,Manual,1,Maruti,Maruti Swift,2014,₹ 4.99 Lakh,Third Party insurance,"88,051 Kms",22.38 kmpl,1197 CC,5,Red,5-Speed,,Bangalore
0,Petrol,Hatchback,Manual,1,Maruti,Maruti Swift,2022,₹ 7.74 Lakh,Third Party,"16,522 Kms",22.38 kmpl,1197 CC,5,Others,5-Speed,,Bangalore
0,Diesel,SUV,Manual,2,Jeep,Jeep Compass,2019,₹ 14.75 Lakh,Third Party insurance,"70,000 Kms",16.3 kmpl,1956 CC,5,Others,6 Speed,4X4,Bangalore
0,Petrol,Hatchback,Manual,3,Maruti,Maruti Wagon R,2008,₹ 2.40 Lakh,Third Party insurance,"80,000 Kms",18.9 kmpl,1061 CC,5,Others,5 Speed,FWD,Bangalore
0,Diesel,SUV,Manual,1,Hyundai,Hyundai Venue,2019,₹ 10.25 Lakh,Third Party insurance,"50,000 Kms",23.7 kmpl,1396 CC,5,Others,6-Speed,FWD,Bangalore
0,Petrol,SUV,Manual,1,Tata,Tata Nexon,2023,₹ 14 Lakh,Third Party insurance,"10,000 Kms",17.33 kmpl,1199 CC,5,Others,6 Speed,,Bangalore
0,Petrol,Hatchback,Manual,2,Hyundai,Hyundai EON,2013,₹ 2.85 Lakh,Third Party insurance,"57,000 Kms",21.1 kmpl,814 CC,5,Silver,5 Speed,FWD,Bangalore
0,Diesel,SUV,Manual,1,Mahindra,Mahindra XUV500,2016,₹ 10 Lakh,Third Party insurance,"1,10,000 Kms",16 kmpl,2179 CC,7,Others,6 Speed ,FWD,Bangalore
0,Petrol,Hatchback,Manual,1,Maruti,Maruti Baleno,2019,₹ 7.80 Lakh,Third Party insurance,"10,000 Kms",21.4 kmpl,1197 CC,5,Red,5 Speed,FWD,Bangalore
0,Petrol,Hatchback,Manual,2,Maruti,Maruti Swift,2012,₹ 4.75 Lakh,Third Party insurance,"50,000 Kms",18.6 kmpl,1197 CC,5,Others,5 Speed,FWD,Bangalore
0,Diesel,SUV,Manual,1,Mahindra,Mahindra XUV300,2019,₹ 7.50 Lakh,Third Party insurance,"1,20,000 Kms",20 kmpl,1497 CC,5,Red,6 Speed,FWD,Bangalore
0,Petrol,Hatchback,Manual,1,Hyundai,Hyundai Grand i10,2014,₹ 5.55 Lakh,Comprehensive,"35,469 Kms",18.9 kmpl,1197 CC,5,Grey,5 Speed,FWD,Bangalore
0,Petrol,Hatchback,Manual,2,Honda,Honda Jazz,2017,₹ 6.07 Lakh,Third Party insurance,"40,073 Kms",18.7 kmpl,1199 CC,5,Others,5 Speed,FWD,Bangalore
0,Petrol,Hatchback,Manual,2,Hyundai,Hyundai Grand i10,2017,₹ 5.14 Lakh,Third Party insurance,"65,730 Kms",18.9 kmpl,1197 CC,5,Red,5 Speed,FWD,Bangalore
0,Petrol,Sedan,Manual,2,Maruti,Maruti Baleno,2005,₹ 2.50 Lakh,Third Party insurance,"1,20,000 Kms",15.4 kmpl,1590 CC,5,Silver,5 Speed,FWD,Bangalore
0,Petrol,Hatchback,Manual,2,Maruti,Maruti Baleno,2016,₹ 7.05 Lakh,Third Party,"36,184 Kms",21.4 kmpl,1197 CC,5,Silver,5 Speed,FWD,Bangalore
0,Petrol,Hatchback,Manual,1,Maruti,Maruti Baleno,2016,₹ 6.53 Lakh,Comprehensive,"69,310 Kms",21.4 kmpl,1197 CC,5,White,5 Speed,FWD,Bangalore
0,Petrol,Sedan,Automatic,1,Honda,Honda City,2015,₹ 8.72 Lakh,Third Party insurance,"55,643 Kms",18 kmpl,1497 CC,5,White,5 Speed CVT,FWD,Bangalore
0,Petrol,Hatchback,Automatic,2,Hyundai,Hyundai Grand i10,2017,₹ 5.64 Lakh,Third Party insurance,"62,803 Kms",18.9 kmpl,1197 CC,5,Red,4 Speed,FWD,Bangalore
0,Diesel,Hatchback,Manual,2,Volkswagen,Volkswagen Polo,2011,₹ 3.70 Lakh,Third Party insurance,"90,000 Kms",22.07 kmpl,1199 CC,5,Others,5 Speed,FWD,Bangalore
0,Petrol,Hatchback,Manual,1,Maruti,Maruti Swift,2015,₹ 5.50 Lakh,Third Party insurance,"68,656 Kms",22.38 kmpl,1197 CC,5,Silver,5-Speed,,Bangalore
0,Petrol,Hatchback,Manual,3,Honda,Honda Jazz,2016,₹ 5.17 Lakh,Comprehensive,"77,501 Kms",18.7 kmpl,1199 CC,5,Brown,5 Speed,FWD,Bangalore
0,Petrol,Sedan,Manual,1,Maruti,Maruti Swift Dzire,2016,₹ 6.20 Lakh,Third Party insurance,"40,000 Kms",20.85 kmpl,1197 CC,5,Others,5 Speed,FWD,Bangalore
0,Petrol,Sedan,Manual,1,Maruti,Maruti Swift Dzire,2016,₹ 6.20 Lakh,Third Party insurance,"40,000 Kms",20.85 kmpl,1197 CC,5,Others,5 Speed,FWD,Bangalore
0,Petrol,Sedan,Automatic,1,Honda,Honda City,2014,₹ 7.50 Lakh,Third Party insurance,"48,325 Kms",18 kmpl,1497 CC,5,White,5 Speed CVT,FWD,Bangalore
0,Petrol,SUV,Manual,1,Tata,Tata Nexon,2022,₹ 12.20 Lakh,Third Party insurance,"30,000 Kms",17.57 kmpl,1199 CC,5,Others,6-Speed,,Bangalore
0,Diesel,Hatchback,Automatic,2,Mercedes-Benz,Mercedes-Benz B Class,2013,₹ 13.50 Lakh,Comprehensive,"1,00,000 Kms",14.8 kmpl,2143 CC,5,White,7 Speed,FWD,Bangalore
0,Petrol,Hatchback,Manual,1,Maruti,Maruti Swift,2015,₹ 5.75 Lakh,Comprehensive,"69,000 Kms",22 kmpl,1197 CC,5,White,5,,Bangalore
0,Diesel,SUV,Manual,1,Jeep,Jeep Compass,2018,₹ 12.50 Lakh,Third Party insurance,"1,10,000 Kms",17.1 kmpl,1956 CC,5,Others,6 Speed,4X2,Bangalore
0,Petrol,Sedan,Manual,2,Hyundai,Hyundai Verna,2016,₹ 8.68 Lakh,Third Party insurance,"50,000 Kms",17.01 kmpl,1591 CC,5,Others,5 Speed,FWD,Bangalore
0,Diesel,MUV,Automatic,1,Kia,Kia Carnival,2020,₹ 30 Lakh,Third Party insurance,"60,000 Kms",14.11 kmpl,2199 CC,8,White,8 Speed,2WD,Bangalore
0,Petrol,Hatchback,Manual,1,Hyundai,Hyundai i20,2021,₹ 9.80 Lakh,Third Party insurance,"20,000 Kms",20 kmpl,998 CC,5,Others,6 Speed IMT,,Bangalore
0,Petrol,Hatchback,Automatic,1,Maruti,Maruti Swift,2022,₹ 9 Lakh,Third Party,"14,999 Kms",22.56 kmpl,1197 CC,5,White,5-Speed,,Bangalore
0,Petrol,Hatchback,Manual,2,Honda,Honda Jazz,2016,₹ 5.50 Lakh,Comprehensive,"90,773 Kms",18.7 kmpl,1199 CC,5,White,5 Speed,FWD,Bangalore
0,Diesel,Sedan,Manual,1,Skoda,Skoda Rapid,2012,₹ 4.50 Lakh,Third Party insurance,"90,000 Kms",20.5 kmpl,1598 CC,5,Gray,5-speed,FWD,Bangalore
0,Petrol,Hatchback,Manual,2,Maruti,Maruti Swift,2017,₹ 6.10 Lakh,Zero Dep,"64,917 Kms",20.4 kmpl,1197 CC,5,White,5 Speed,FWD,Bangalore
0,Petrol,Hatchback,Manual,1,Honda,Honda Jazz,2017,₹ 5.43 Lakh,Comprehensive,"70,235 Kms",18.7 kmpl,1199 CC,5,Brown,5 Speed,FWD,Bangalore
0,Petrol,Hatchback,Manual,1,Hyundai,Hyundai i20,2021,₹ 9.80 Lakh,Third Party insurance,"30,000 Kms",20 kmpl,998 CC,5,Others,6 Speed IMT,,Bangalore
0,Petrol,Hatchback,Manual,1,Honda,Honda Jazz,2016,₹ 5.35 Lakh,Zero Dep,"78,782 Kms",18.7 kmpl,1199 CC,5,Brown,5 Speed,FWD,Bangalore
0,Diesel,SUV,Manual,2,Mahindra,Mahindra XUV500,2014,₹ 8.50 Lakh,Comprehensive,"1,64,000 Kms",15.1 kmpl,2179 CC,7,O Purple,6 Speed ,AWD,Bangalore
0,Petrol,Sedan,Manual,2,Maruti,Maruti Ciaz,2016,₹ 6.61 Lakh,Third Party insurance,"72,136 Kms",20.73 kmpl,1373 CC,5,Silver,5 Speed,FWD,Bangalore
0,Petrol,Hatchback,Manual,2,Maruti,Maruti Swift,2015,₹ 5.05 Lakh,Comprehensive,"52,486 Kms",22.38 kmpl,1197 CC,5,Others,5-Speed,,Bangalore
0,Diesel,Sedan,Automatic,1,Skoda,Skoda Laura,2007,₹ 4.50 Lakh,Third Party insurance,"1,50,000 Kms",15.6 kmpl,1896 CC,5,Black,6 Speed,FWD,Bangalore
0,Petrol,SUV,Manual,1,Honda,Honda WR-V,2017,₹ 8.65 Lakh,Third Party insurance,"36,887 Kms",17.5 kmpl,1199 CC,5,Silver,5 Speed,FWD,Bangalore
0,Petrol,SUV,Manual,1,Hyundai,Hyundai Venue,2019,₹ 9.99 Lakh,Comprehensive,"47,962 Kms",18.27 kmpl,998 CC,5,Blue,6-Speed,FWD,Bangalore
0,Diesel,SUV,Manual,1,Nissan,Nissan Terrano,2014,₹ 5.95 Lakh,Comprehensive,"1,35,000 Kms",20.45 kmpl,1461 CC,5,Silver,5 Speed,FWD,Bangalore
0,Petrol,Sedan,Automatic,2,Skoda,Skoda Superb,2018,₹ 23.65 Lakh,Comprehensive,"47,398 Kms",14.67 kmpl,1798 CC,5,Brown,7 Speed,FWD,Bangalore
0,Petrol,Sedan,Manual,2,Fiat,Fiat Linea,2012,₹ 4 Lakh,Third Party insurance,"50,000 Kms",14.6 kmpl,1368 CC,5,Gray,Five Speed Manual,Front Wheel Drive,Bangalore
0,Diesel,Sedan,Manual,1,Maruti,Maruti Swift Dzire,2012,₹ 5.50 Lakh,Third Party insurance,"1,00,000 Kms",19.3 kmpl,1248 CC,5,White,5 Speed,2 WD,Bangalore
0,Diesel,SUV,Automatic,1,BMW,BMW X4,2020,₹ 60.50 Lakh,Comprehensive,"55,000 Kms",14.71 kmpl,2993 CC,5,White,8-Speed Steptronic,4WD,Bangalore
0,Diesel,SUV,Automatic,2,BMW,BMW X3,2011,₹ 16 Lakh,Comprehensive,"1,10,000 Kms",16.55 kmpl,1995 CC,5,Black,,,Bangalore
0,Petrol,Hatchback,Automatic,3,Volkswagen,Volkswagen Polo,2013,₹ 5.20 Lakh,Third Party insurance,"90,000 Kms",17.21 kmpl,1197 CC,5,Others,7 Speed,FWD,Bangalore
0,Petrol,Hatchback,Manual,1,Maruti,Maruti Baleno,2016,₹ 6.16 Lakh,Zero Dep,"1,16,624 Kms",21.4 kmpl,1197 CC,5,Blue,5 Speed,FWD,Bangalore
0,Petrol,Sedan,Manual,2,Maruti,Maruti Ciaz,2019,₹ 7.95 Lakh,Zero Dep,"54,561 Kms",21.56 kmpl,1462 CC,5,Silver,5 Speed,FWD,Bangalore
0,Diesel,MUV,Manual,2,Toyota,Toyota Innova,2013,₹ 12.75 Lakh,Third Party insurance,"1,20,000 Kms",12.99 kmpl,2494 CC,7,Others,5 Speed,RWD,Bangalore
0,Petrol,Hatchback,Manual,1,Honda,Honda Jazz,2016,₹ 6.24 Lakh,Comprehensive,"65,072 Kms",18.7 kmpl,1199 CC,5,Red,5 Speed,FWD,Bangalore
0,Petrol,Hatchback,Manual,1,Hyundai,Hyundai Grand i10,2017,₹ 5.49 Lakh,Zero Dep,"1,33,532 Kms",18.9 kmpl,1197 CC,5,Others,5 Speed,FWD,Bangalore
0,Diesel,MUV,Manual,3,Toyota,Toyota Innova,2010,₹ 7.60 Lakh,Third Party insurance,"1,20,000 Kms",11.4 kmpl,2494 CC,7,Others,5 Speed,,Bangalore
0,Petrol,Sedan,Manual,1,Maruti,Maruti Swift Dzire,2013,₹ 5.24 Lakh,Comprehensive,"39,886 Kms",22.41 kmpl,1197 CC,5,Orange,5 Speed,,Bangalore
0,Diesel,SUV,Manual,1,Mahindra,Mahindra XUV500,2019,₹ 16.50 Lakh,Third Party insurance,"80,000 Kms",15.1 kmpl,2179 CC,7,White,6 Speed,FWD,Bangalore
0,Diesel,Hatchback,Manual,2,Maruti,Maruti Swift,2015,₹ 5.83 Lakh,Comprehensive,"56,976 Kms",25.2 kmpl,1248 CC,5,Others,5 Speed,FWD,Bangalore
0,Petrol,Sedan,Manual,2,Volkswagen,Volkswagen Vento,2020,₹ 11.47 Lakh,Zero Dep,"68,303 Kms",17.69 kmpl,999 CC,5,White,6 Speed,FWD,Bangalore
0,Petrol,Hatchback,Automatic,2,Mini,Mini Cooper,2013,₹ 17.50 Lakh,Third Party insurance,"80,000 Kms",13.6 kmpl,1598 CC,4,Red,6 Speed AT,FWD,Bangalore
0,Diesel,Sedan,Automatic,1,Skoda,Skoda Rapid,2016,₹ 8.25 Lakh,Comprehensive,"54,000 Kms",21.72 kmpl,1498 CC,5,Grey,7 Speed,FWD,Bangalore
0,Diesel,SUV,Automatic,1,Land Rover,Land Rover Discovery Sport,2016,₹ 31.50 Lakh,Third Party insurance,"98,500 Kms",12.51 kmpl,2179 CC,7,White,9 Speed,4WD,Bangalore
0,Petrol,Hatchback,Manual,1,Volkswagen,Volkswagen Polo,2018,₹ 7.55 Lakh,Third Party insurance,"72,348 Kms",16.2 kmpl,1199 CC,5,Grey,5 Speed,FWD,Bangalore
0,Petrol,SUV,Manual,1,Hyundai,Hyundai Creta,2015,₹ 8.75 Lakh,Comprehensive,"70,000 Kms",13 kmpl,1591 CC,5,Silver,6 Speed,FWD,Bangalore
0,Petrol,Hatchback,Manual,1,Volkswagen,Volkswagen Polo,2021,₹ 8.55 Lakh,Third Party,"62,696 Kms",17.74 kmpl,999 CC,5,White,5 Speed,FWD,Bangalore
0,Diesel,SUV,Automatic,3,Toyota,Toyota Fortuner,2014,₹ 18.45 Lakh,Comprehensive,"1,74,000 Kms",12.55 kmpl,2982 CC,7,White,5 Speed ,FWD,Bangalore
0,Petrol,Hatchback,Manual,1,Hyundai,Hyundai Grand i10,2016,₹ 5.25 Lakh,Comprehensive,"65,000 Kms",18.9 kmpl,1197 CC,5,Orange,5 Speed,FWD,Bangalore
0,Petrol,Hatchback,Automatic,1,Hyundai,Hyundai Grand i10,2017,₹ 6.50 Lakh,Comprehensive,"36,000 Kms",18.9 kmpl,1197 CC,5,Silver,4 Speed,FWD,Bangalore
0,Diesel,MUV,Manual,2,Toyota,Toyota Innova,2011,₹ 9.50 Lakh,Comprehensive,"1,99,000 Kms",12.8 kmpl,2494 CC,7,White,5 Speed,,Bangalore
0,Petrol,Sedan,Automatic,1,Honda,Honda City,2018,₹ 8.46 Lakh,Zero Dep,"71,905 Kms",18 kmpl,1497 CC,5,Brown,CVT,FWD,Bangalore
0,Petrol,Hatchback,Manual,2,Maruti,Maruti Swift,2013,₹ 4.24 Lakh,Comprehensive,"69,748 Kms",22.38 kmpl,1197 CC,5,Red,5-Speed,,Bangalore
0,Petrol,Hatchback,Manual,1,Maruti,Maruti Alto,2008,₹ 2.10 Lakh,Comprehensive,"44,000 Kms",19.7 kmpl,796 CC,5,Maroon,5 Speed,FWD,Bangalore
0,Petrol,Sedan,Manual,2,Toyota,Toyota Yaris,2021,₹ 9.59 Lakh,Third Party insurance,"17,875 Kms",17.1 kmpl,1496 CC,5,Red,6 Speed,FWD,Bangalore
0,Petrol,SUV,Manual,1,Renault,Renault Duster,2020,₹ 8.89 Lakh,Comprehensive,"95,678 Kms",16.42 kmpl,1330 CC,5,White,6-Speed,FWD,Bangalore
0,Petrol,SUV,Automatic,1,Renault,Renault Kiger,2022,₹ 8.50 Lakh,Third Party insurance,"12,003 Kms",19.03 kmpl,999 CC,5,Silver,5 Speed,,Bangalore
0,Diesel,SUV,Manual,2,Ford,Ford Ecosport,2018,₹ 8.36 Lakh,Comprehensive,"1,14,427 Kms",23 kmpl,1498 CC,5,Red,5 Speed,FWD,Bangalore
0,Petrol,SUV,Automatic,1,Renault,Renault Kiger,2022,₹ 6.60 Lakh,Third Party insurance,"20,000 Kms",19.03 kmpl,999 CC,5,Others,5 Speed,,Bangalore
0,Petrol,Hatchback,Manual,1,Honda,Honda Brio,2012,₹ 3.34 Lakh,Comprehensive,"64,655 Kms",19.4 kmpl,1198 CC,5,White,5 Speed,FWD,Bangalore
0,Petrol,SUV,Manual,1,Mahindra,Mahindra KUV 100,2018,₹ 5.94 Lakh,Third Party insurance,"46,456 Kms",18.15 kmpl,1198 CC,6,Red,5 Speed,FWD,Bangalore
0,Petrol,SUV,Automatic,1,Renault,Renault Kiger,2021,₹ 9.91 Lakh,Third Party insurance,"20,000 Kms",18.24 kmpl,999 CC,5,Others,CVT,,Bangalore
0,Diesel,SUV,Manual,1,Jeep,Jeep Compass,2018,₹ 14.50 Lakh,Third Party insurance,"50,000 Kms",17.1 kmpl,1956 CC,5,Others,6 Speed,4X2,Bangalore
0,Diesel,Sedan,Manual,4,Volkswagen,Volkswagen Vento,2011,₹ 2.19 Lakh,Third Party insurance,"90,000 Kms",20.54 kmpl,1598 CC,5,Others,5 Speed,FWD,Bangalore
0,Diesel,SUV,Manual,1,Hyundai,Hyundai Venue,2022,₹ 12.85 Lakh,Third Party insurance,"20,000 Kms",,1493 CC,5,Others,6-Speed,,Bangalore
0,Petrol,SUV,Automatic,1,Volvo,Volvo XC40,2021,₹ 41.95 Lakh,Comprehensive,"27,000 Kms",,1969 CC,5,White,8 Speed,FWD,Bangalore
0,Diesel,MUV,Manual,3,Toyota,Toyota Innova,2008,₹ 4.55 Lakh,Third Party insurance,"1,50,000 Kms",12.8 kmpl,2494 CC,8,Others,5 Speed,,Bangalore
0,Petrol,Hatchback,Manual,1,Maruti,Maruti Baleno,2022,₹ 8.25 Lakh,Third Party insurance,"10,000 Kms",22.35 kmpl,1197 CC,5,Others,5 Speed,,Bangalore
0,Petrol,Sedan,Manual,1,Honda,Honda City,2018,₹ 8.25 Lakh,Third Party insurance,"40,000 Kms",17.4 kmpl,1497 CC,5,Others,5 Speed,FWD,Bangalore
0,Diesel,SUV,Manual,1,Ford,Ford Ecosport,2020,₹ 9.20 Lakh,Third Party insurance,"40,000 Kms",23 kmpl,1498 CC,5,Blue,5 Speed,FWD,Bangalore
0,Diesel,Sedan,Automatic,2,Mercedes-Benz,Mercedes-Benz C-Class,2018,₹ 33 Lakh,Third Party insurance,"20,000 Kms",19.27 kmpl,2143 CC,5,Others,9 Speed,RWD,Bangalore
0,Diesel,SUV,Manual,2,Ford,Ford Ecosport,2017,₹ 7.29 Lakh,Third Party,"91,598 Kms",22.77 kmpl,1498 CC,5,Red,5 Speed,FWD,Bangalore
0,Petrol,Hatchback,Manual,1,Maruti,Maruti Celerio,2015,₹ 4.32 Lakh,Comprehensive,"57,521 Kms",25.24 kmpl,998 CC,5,Others,5-Speed,,Bangalore
0,Diesel,SUV,Manual,1,Renault,Renault Duster,2016,₹ 7 Lakh,Third Party insurance,"1,00,000 Kms",19.87 kmpl,1461 CC,5,Others,5 speed,FWD,Bangalore
0,Petrol,Sedan,Manual,1,Hyundai,Hyundai Verna,2021,₹ 14.99 Lakh,Comprehensive,"7,598 Kms",17.7 kmpl,1497 CC,5,Others,6 Speed,,Bangalore
0,Petrol,SUV,Manual,1,Renault,Renault Duster,2017,₹ 7.62 Lakh,Comprehensive,"38,520 Kms",13.06 kmpl,1598 CC,5,Brown,5 speed,FWD,Bangalore
0,Petrol,SUV,Manual,1,MG,MG Astor,2022,₹ 16.25 Lakh,Third Party insurance,"20,000 Kms",15.43 kmpl,1498 CC,5,Others,5 Speed,,Bangalore
0,Diesel,SUV,Manual,2,Renault,Renault Duster,2014,₹ 6.32 Lakh,Comprehensive,"1,10,455 Kms",20.45 kmpl,1461 CC,5,Brown,5 speed,FWD,Bangalore
0,Petrol,SUV,Automatic,1,Hyundai,Hyundai Venue,2020,₹ 12.18 Lakh,Comprehensive,"26,901 Kms",18.15 kmpl,998 CC,5,Red,7-Speed,FWD,Bangalore
0,Petrol,Hatchback,Automatic,1,Hyundai,Hyundai Grand i10,2017,₹ 5.24 Lakh,Zero Dep,"65,376 Kms",18.9 kmpl,1197 CC,5,White,4 Speed,FWD,Bangalore
0,Diesel,SUV,Manual,3,Mahindra,Mahindra XUV500,2018,₹ 14.05 Lakh,Comprehensive,"28,177 Kms",15.1 kmpl,2179 CC,7,Red,6 Speed,FWD,Bangalore
0,Petrol,SUV,Manual,1,Kia,Kia Sonet,2022,₹ 13.90 Lakh,Third Party insurance,"10,000 Kms",18.2 kmpl,998 CC,5,Others,6-Speed iMT,FWD,Bangalore
0,Petrol,SUV,Automatic,1,MG,MG Hector,2021,₹ 18.90 Lakh,Comprehensive,"30,000 Kms",,1451 CC,5,White,6-Speed DCT,FWD,Bangalore
0,Petrol,SUV,Automatic,1,Hyundai,Hyundai Creta,2018,₹ 12.75 Lakh,Third Party insurance,"27,000 Kms",13 kmpl,1591 CC,5,White,6 Speed,FWD,Bangalore
0,Petrol,Hatchback,Automatic,3,Hyundai,Hyundai i10,2010,₹ 2.75 Lakh,Third Party insurance,"90,000 Kms",19.2 kmpl,1197 CC,5,Others,4 Speed,,Bangalore
0,Petrol,Sedan,Manual,1,Honda,Honda City,2022,₹ 11.25 Lakh,Third Party insurance,"20,000 Kms",17.4 kmpl,1497 CC,5,Others,5 Speed,,Bangalore
0,Petrol,Sedan,Automatic,1,Honda,Honda City,2016,₹ 6.50 Lakh,Comprehensive,"82,998 Kms",18 kmpl,1497 CC,5,Red,5 Speed CVT,FWD,Bangalore
0,Petrol,Sedan,Automatic,3,Audi,Audi A4,2010,₹ 7 Lakh,Third Party insurance,"1,10,000 Kms",12.3 kmpl,1781 CC,5,White,7 Speed,FWD,Bangalore
0,Petrol,Sedan,Manual,1,Honda,Honda City,2019,₹ 11 Lakh,Third Party insurance,"14,500 Kms",17.14 kmpl,1497 CC,5,Grey,5 Speed,FWD,Bangalore
0,Diesel,Sedan,Manual,3,Mahindra,Mahindra Verito,2016,₹ 2.60 Lakh,Third Party insurance,"1,20,000 Kms",21.03 kmpl,1461 CC,5,White,5-Speed,FWD,Bangalore
0,Petrol,Hatchback,Automatic,2,Hyundai,Hyundai i10,2010,₹ 3.95 Lakh,Comprehensive,"68,000 Kms",19.2 kmpl,1197 CC,5,Silver,4 Speed,,Bangalore
0,Petrol,Sedan,Manual,1,Hyundai,Hyundai Xcent,2019,₹ 6.81 Lakh,Third Party insurance,"25,887 Kms",20.14 kmpl,1197 CC,5,White,5 Speed,FWD,Bangalore
0,Petrol,Hatchback,Manual,1,Maruti,Maruti S-Presso,2020,₹ 4.05 Lakh,Comprehensive,"74,094 Kms",21.7 kmpl,998 CC,5,Others,5 Speed,FWD,Bangalore
0,Petrol,Hatchback,Automatic,1,Honda,Honda Jazz,2018,₹ 7.65 Lakh,Comprehensive,"40,000 Kms",19 kmpl,1199 CC,5,White,5 Speed,FWD,Bangalore
0,Diesel,Hatchback,Manual,1,Maruti,Maruti Ritz,2014,₹ 4.87 Lakh,Third Party,"91,045 Kms",23.2 kmpl,1248 CC,5,Red,5 Speed,FWD,Bangalore
0,Diesel,SUV,Manual,1,Mahindra,Mahindra XUV500,2018,₹ 14.74 Lakh,Third Party insurance,"80,033 Kms",15.1 kmpl,2179 CC,7,White,6 Speed,FWD,Bangalore
0,Diesel,SUV,Automatic,2,Mahindra,Mahindra XUV500,2017,₹ 13.40 Lakh,Third Party insurance,"70,000 Kms",16 kmpl,2179 CC,7,Others,6 Speed,FWD,Bangalore
0,Petrol,MUV,Automatic,1,Renault,Renault Triber,2021,₹ 7.70 Lakh,Comprehensive,"13,957 Kms",18.2 kmpl,999 CC,7,Blue,5 Speed,,Bangalore
0,Petrol,Hatchback,Automatic,2,Maruti,Maruti Baleno,2018,₹ 8.18 Lakh,Third Party insurance,"34,140 Kms",21.4 kmpl,1197 CC,5,Grey,CVT,FWD,Bangalore
0,Petrol,SUV,Manual,1,Ford,Ford Ecosport,2017,₹ 7.24 Lakh,Comprehensive,"20,056 Kms",17 kmpl,1497 CC,5,White,5 Speed,FWD,Bangalore
0,Petrol,Hatchback,Automatic,3,Maruti,Maruti Celerio,2016,₹ 4.68 Lakh,Comprehensive,"38,233 Kms",26 kmpl,998 CC,5,Red,5-Speed,,Bangalore
0,Petrol,Sedan,Manual,1,Volkswagen,Volkswagen Jetta,2013,₹ 5 Lakh,Third Party insurance,"1,00,000 Kms",14.69 kmpl,1390 CC,5,White,6 Speed,FWD,Bangalore
0,Diesel,SUV,Manual,2,Ford,Ford Ecosport,2016,₹ 6 Lakh,Third Party insurance,"50,000 Kms",22.77 kmpl,1498 CC,5,Blue,5 Speed,FWD,Bangalore
0,Diesel,SUV,Manual,2,Mahindra,Mahindra XUV500,2017,₹ 13.50 Lakh,Third Party insurance,"70,000 Kms",16 kmpl,2179 CC,7,Others,6 Speed ,AWD,Bangalore
0,Petrol,Hatchback,Manual,1,Hyundai,Hyundai Grand i10,2016,₹ 5.25 Lakh,Comprehensive,"44,000 Kms",18.9 kmpl,1197 CC,5,Orange,5 Speed,FWD,Bangalore
0,Petrol,Hatchback,Manual,2,Hyundai,Hyundai Getz,2006,₹ 1.75 Lakh,Third Party insurance,"90,000 Kms",15.3 kmpl,1341 CC,5,Gray,5 Speed,,Bangalore
0,Petrol,Sedan,Automatic,1,Maruti,Maruti Ciaz,2016,₹ 7.25 Lakh,Third Party insurance,"30,000 Kms",19.12 kmpl,1373 CC,5,Others,4 Speed,FWD,Bangalore
0,Petrol,Hatchback,Manual,1,Hyundai,Hyundai Grand i10,2018,₹ 5.50 Lakh,Third Party insurance,"50,000 Kms",18.9 kmpl,1197 CC,5,Others,5 Speed,FWD,Bangalore
0,Petrol,Hatchback,Manual,1,Maruti,Maruti Swift,2019,₹ 6.50 Lakh,Comprehensive,"98,000 Kms",22 kmpl,1197 CC,5,White,5,FWD,Bangalore
0,Petrol,Hatchback,Automatic,1,Honda,Honda Jazz,2017,₹ 7.75 Lakh,Comprehensive,"47,000 Kms",18.2 kmpl,1199 CC,5,Green,5 Speed,FWD,Bangalore
0,Petrol,Sedan,Manual,1,Hyundai,Hyundai Verna,2019,₹ 9 Lakh,Third Party insurance,"70,000 Kms",17 kmpl,1591 CC,5,Others,6 Speed,FWD,Bangalore
0,Petrol,Hatchback,Manual,1,Maruti,Maruti Alto 800,2020,₹ 4.08 Lakh,Comprehensive,"16,998 Kms",22.05 kmpl,796 CC,5,Silver,5 Speed,,Bangalore
0,Petrol,Hatchback,Automatic,1,Hyundai,Hyundai Grand i10,2017,₹ 6.42 Lakh,Comprehensive,"15,256 Kms",18.9 kmpl,1197 CC,5,Orange,4 Speed,FWD,Bangalore
0,Petrol,Sedan,Manual,1,Hyundai,Hyundai Verna,2019,₹ 9 Lakh,Third Party insurance,"70,000 Kms",17 kmpl,1591 CC,5,Others,6 Speed,FWD,Bangalore
0,Petrol,Hatchback,Automatic,1,Datsun,Datsun RediGO,2020,₹ 5.21 Lakh,Comprehensive,"4,495 Kms",22.5 kmpl,999 CC,5,Black,5-Speed,2WD,Bangalore
0,Petrol,MUV,Manual,1,Renault,Renault Triber,2020,₹ 6.95 Lakh,Zero Dep,"34,561 Kms",20 kmpl,999 CC,7,White,5 Speed,,Bangalore
0,Petrol,Hatchback,Manual,2,Maruti,Maruti Alto K10,2018,₹ 3.90 Lakh,Third Party insurance,"40,000 Kms",23.95 kmpl,998 CC,5,Others,5 Speed,FWD,Bangalore
0,Petrol,Hatchback,Manual,1,Tata,Tata Tiago,2016,₹ 4.29 Lakh,Comprehensive,"1,42,135 Kms",23.84 kmpl,1199 CC,5,Orange,5 Speed,FWD,Bangalore
0,Petrol,Sedan,Manual,1,Ford,Ford Aspire,2021,₹ 5.20 Lakh,Third Party insurance,"1,20,000 Kms",18.5 kmpl,1194 CC,5,White,5 Speed,FWD,Bangalore
0,Petrol,Hatchback,Automatic,1,Maruti,Maruti Wagon R,2019,₹ 6.25 Lakh,Third Party,"9,553 Kms",20.52 kmpl,1197 CC,5,Brown,5 Speed,FWD,Bangalore
0,Petrol,Hatchback,Manual,1,Renault,Renault KWID,2022,₹ 6.01 Lakh,Zero Dep,"7,600 Kms",21.46 kmpl,999 CC,5,Blue,5 Speed,,Bangalore
0,Diesel,SUV,Manual,1,Jeep,Jeep Compass,2017,₹ 13 Lakh,Third Party insurance,"1,20,000 Kms",17.1 kmpl,1956 CC,5,Others,6 Speed,4X2,Bangalore
0,Petrol,Hatchback,Automatic,1,Hyundai,Hyundai Grand i10,2017,₹ 6.45 Lakh,Comprehensive,"20,000 Kms",18.9 kmpl,1197 CC,5,Silver,4 Speed,FWD,Bangalore
0,Diesel,SUV,Automatic,2,Audi,Audi Q7,2013,₹ 19.75 Lakh,Third Party insurance,"1,20,000 Kms",12.07 kmpl,2967 CC,7,Others,8 Speed Tiptronic,AWD,Bangalore
0,Petrol,Hatchback,Manual,1,Hyundai,Hyundai i20,2016,₹ 6.95 Lakh,Third Party insurance,"45,578 Kms",18.6 kmpl,1197 CC,5,Red,5 Speed,FWD,Bangalore
0,Petrol,Sedan,Manual,1,Volkswagen,Volkswagen Jetta,2013,₹ 5 Lakh,Third Party insurance,"1,00,000 Kms",14.69 kmpl,1390 CC,5,White,6 Speed,FWD,Bangalore
0,Diesel,Sedan,Automatic,2,BMW,BMW 3 Series,2014,₹ 16.44 Lakh,Comprehensive,"1,00,000 Kms",22.69 kmpl,1995 CC,5,Blue,8 Speed,RWD,Bangalore
0,Petrol,SUV,Manual,1,Ford,Ford Ecosport,2019,₹ 8.95 Lakh,Comprehensive,"42,000 Kms",17 kmpl,1497 CC,5,Silver,5 Speed,FWD,Bangalore
0,Petrol,Hatchback,Manual,2,Hyundai,Hyundai i10,2013,₹ 3.50 Lakh,Third Party insurance,"90,000 Kms",20.36 kmpl,1197 CC,5,Others,5 Speed,FWD,Bangalore
0,Diesel,Sedan,Manual,1,Hyundai,Hyundai Verna,2012,₹ 5.50 Lakh,Third Party insurance,"70,000 Kms",22.32 kmpl,1582 CC,5,Others,6 Speed ,FWD,Bangalore
0,Diesel,SUV,Automatic,3,Ford,Ford Endeavour,2010,₹ 7.50 Lakh,Third Party insurance,"1,00,000 Kms",11.4 kmpl,2953 CC,7,Others,5 Speed,FWD,Bangalore
0,Petrol,Hatchback,Manual,1,Maruti,Maruti Ignis,2017,₹ 5.81 Lakh,Comprehensive,"16,306 Kms",20.89 kmpl,1197 CC,5,Blue,5 Speed,FWD,Bangalore
0,Petrol,Hatchback,Manual,3,Maruti,Maruti Wagon R,2020,₹ 5.13 Lakh,Comprehensive,"25,086 Kms",20.52 kmpl,1197 CC,5,White,5 Speed,FWD,Bangalore
0,Petrol,Hatchback,Manual,1,Maruti,Maruti Baleno,2017,₹ 6.50 Lakh,Third Party insurance,"54,845 Kms",21.01 kmpl,1197 CC,5,Blue,5 Speed,FWD,Bangalore
0,Diesel,Hatchback,Manual,1,Ford,Ford Freestyle,2020,₹ 8.06 Lakh,Comprehensive,"35,642 Kms",24.4 kmpl,1498 CC,5,Red,5-Speed,FWD,Bangalore
0,Petrol,Hatchback,Automatic,1,Maruti,Maruti Baleno,2016,₹ 7.25 Lakh,Third Party,"22,173 Kms",21.4 kmpl,1197 CC,5,Silver,CVT,FWD,Bangalore
0,Diesel,Sedan,Automatic,1,BMW,BMW 5 Series,2018,₹ 49.50 Lakh,Comprehensive,"50,000 Kms",17.42 kmpl,2993 CC,5,Blue,8-Speed Steptronic,RWD,Bangalore
0,Petrol,Hatchback,Manual,1,Hyundai,Hyundai Grand i10,2014,₹ 4.26 Lakh,Third Party,"67,790 Kms",18.9 kmpl,1197 CC,5,Black,5 Speed,FWD,Bangalore
0,Petrol,Hatchback,Manual,1,Maruti,Maruti Alto K10,2019,₹ 4.85 Lakh,Comprehensive,"38,000 Kms",23.95 kmpl,998 CC,5,Maroon,5 Speed,FWD,Bangalore
0,Petrol,Hatchback,Manual,2,Honda,Honda Brio,2012,₹ 3.51 Lakh,Third Party insurance,"49,713 Kms",19.4 kmpl,1198 CC,5,White,5 Speed,FWD,Bangalore
0,Petrol,Hatchback,Manual,1,Renault,Renault KWID,2021,₹ 4.90 Lakh,Third Party insurance,"10,002 Kms",21.46 kmpl,999 CC,5,Red,5 Speed,,Bangalore
0,Diesel,SUV,Manual,1,Mahindra,Mahindra XUV500,2017,₹ 14.95 Lakh,Third Party insurance,"46,706 Kms",16 kmpl,2179 CC,7,Grey,6 Speed,FWD,Bangalore
0,Diesel,Hatchback,Manual,2,Maruti,Maruti Swift,2014,₹ 5.10 Lakh,Third Party insurance,"90,000 Kms",25.2 kmpl,1248 CC,5,Others,5 Speed,FWD,Bangalore
0,Diesel,SUV,Automatic,1,BMW,BMW X3,2016,₹ 27.50 Lakh,Comprehensive,"1,06,000 Kms",18.56 kmpl,1995 CC,5,White,8 Speed,4WD,Bangalore
0,Petrol,Hatchback,Automatic,1,Volkswagen,Volkswagen Polo,2017,₹ 10.25 Lakh,Third Party insurance,"55,833 Kms",17.21 kmpl,1197 CC,5,White,7 Speed,FWD,Bangalore
0,Diesel,SUV,Automatic,2,Audi,Audi Q3,2015,₹ 23.45 Lakh,Third Party insurance,"46,716 Kms",15.73 kmpl,1968 CC,5,Red,7-Speed S-Tronic ,AWD,Bangalore
0,Diesel,Sedan,Manual,1,Skoda,Skoda Rapid,2016,₹ 8.25 Lakh,Comprehensive,"54,000 Kms",21.13 kmpl,1498 CC,5,Grey,5 Speed,FWD,Bangalore
0,Diesel,SUV,Manual,2,Ford,Ford Ecosport,2016,₹ 6.75 Lakh,Comprehensive,"68,000 Kms",21.7 kmpl,1498 CC,5,Silver,5 Speed,FWD,Bangalore
0,Diesel,Hatchback,Manual,3,Ford,Ford Figo,2010,₹ 1.90 Lakh,Comprehensive,"1,13,348 Kms",20 kmpl,1399 CC,5,Grey,5 Speed,FWD,Bangalore
0,Diesel,Sedan,Automatic,1,Audi,Audi A6,2014,₹ 8.90 Lakh,Third Party insurance,"1,34,000 Kms",17.68 kmpl,1968 CC,5,White,8 Speed,FWD,Bangalore
0,Petrol,SUV,Automatic,1,Renault,Renault Kiger,2022,₹ 8.23 Lakh,Third Party insurance,"20,000 Kms",19.03 kmpl,999 CC,5,Silver,5 Speed,,Bangalore
0,Petrol,Hatchback,Manual,1,Maruti,Maruti Swift,2014,₹ 5.54 Lakh,Comprehensive,"52,311 Kms",22.38 kmpl,1197 CC,5,White,5-Speed,,Bangalore
0,Petrol,Sedan,Manual,1,Maruti,Maruti Swift Dzire,2014,₹ 4.99 Lakh,Comprehensive,"59,514 Kms",22.41 kmpl,1197 CC,5,Black,5 Speed,,Bangalore
0,Petrol,SUV,Automatic,1,Renault,Renault Kiger,2022,₹ 8.15 Lakh,Third Party insurance,"10,000 Kms",19.03 kmpl,999 CC,5,Others,5 Speed,,Bangalore
0,Petrol,Hatchback,Manual,1,Maruti,Maruti Baleno,2020,₹ 7.19 Lakh,Third Party,"36,743 Kms",21.01 kmpl,1197 CC,5,Silver,5 Speed,FWD,Bangalore
0,Petrol,Hatchback,Manual,1,Maruti,Maruti Celerio,2015,₹ 3.72 Lakh,Third Party,"83,046 Kms",25.24 kmpl,998 CC,5,Silver,5-Speed,,Bangalore
0,Petrol,Hatchback,Automatic,1,Maruti,Maruti Celerio,2018,₹ 5.15 Lakh,Third Party insurance,"10,000 Kms",23.1 kmpl,998 CC,5,Others,5 Speed,FWD,Bangalore
0,Petrol,Hatchback,Manual,2,Honda,Honda Jazz,2016,₹ 5.54 Lakh,Third Party insurance,"59,420 Kms",18.7 kmpl,1199 CC,5,Silver,5 Speed,FWD,Bangalore
0,Petrol,Sedan,Manual,1,Tata,Tata Tigor,2023,₹ 7 Lakh,Comprehensive,"4,545 Kms",20.3 kmpl,1199 CC,5,Grey,5 Speed,FWD,Bangalore
0,Petrol,Hatchback,Manual,1,Maruti,Maruti Swift,2011,₹ 4.10 Lakh,Third Party insurance,"70,404 Kms",22.38 kmpl,1197 CC,5,Silver,5-Speed,,Bangalore
0,Petrol,Sedan,Manual,1,Maruti,Maruti Ciaz,2016,₹ 6.85 Lakh,Third Party,"39,725 Kms",20.73 kmpl,1373 CC,5,Silver,5 Speed,FWD,Bangalore
0,Petrol,Sedan,Automatic,1,BMW,BMW 3 Series,2022,₹ 55 Lakh,Third Party insurance,"10,000 Kms",16.13 kmpl,1998 CC,5,Others,8-Speed Steptronic Sport Automatic Transmission,RWD,Bangalore
0,Diesel,SUV,Automatic,1,Kia,Kia Seltos,2022,₹ 18 Lakh,Third Party insurance,"10,000 Kms",17.8 kmpl,1493 CC,5,Others,6-Speed,2WD,Bangalore
0,Petrol,Hatchback,Manual,2,Maruti,Maruti Wagon R,2006,₹ 1.80 Lakh,Third Party insurance,"60,000 Kms",18.9 kmpl,998 CC,5,Others,5 Speed,FWD,Bangalore
0,Petrol,SUV,Manual,2,Ford,Ford Ecosport,2018,₹ 7.65 Lakh,Third Party insurance,"50,000 Kms",17 kmpl,1497 CC,5,Others,5 Speed,FWD,Bangalore
0,Petrol,SUV,Manual,1,MG,MG Hector,2023,₹ 19.50 Lakh,Third Party insurance,"10,000 Kms",13.79 kmpl,1451 CC,5,Others,6-speed,FWD,Bangalore
0,Petrol,Sedan,Manual,3,Hyundai,Hyundai Elantra,2013,₹ 4.91 Lakh,Third Party insurance,"50,000 Kms",16.3 kmpl,1797 CC,5,Others,6 Speed,FWD,Bangalore
0,Diesel,SUV,Manual,1,Ford,Ford Ecosport,2021,₹ 11.75 Lakh,Third Party insurance,"23,272 Kms",21.7 kmpl,1498 CC,5,Silver,5 Speed,FWD,Bangalore
0,Petrol,SUV,Manual,1,Ford,Ford Ecosport,2020,₹ 9.99 Lakh,Comprehensive,"8,407 Kms",15.9 kmpl,1496 CC,5,Brown,5 Speed,FWD,Bangalore
0,Petrol,Hatchback,Automatic,1,Maruti,Maruti Swift,2018,₹ 7.15 Lakh,Third Party insurance,"50,000 Kms",21.21 kmpl,1197 CC,5,Others,5,FWD,Bangalore
0,Diesel,Sedan,Automatic,1,Audi,Audi A4,2018,₹ 34 Lakh,Third Party insurance,"10,000 Kms",18.25 kmpl,1968 CC,5,Others,7 Speed,FWD,Bangalore
0,Petrol,SUV,Automatic,1,Hyundai,Hyundai Creta,2021,₹ 17.79 Lakh,Comprehensive,"14,881 Kms",,1353 CC,5,Black,7-speed DCT,,Bangalore
0,Petrol,Hatchback,Manual,1,Hyundai,Hyundai i20,2012,₹ 4.04 Lakh,Third Party insurance,"54,305 Kms",18.5 kmpl,1197 CC,5,Silver,5 Speed,FWD,Bangalore
0,Petrol,Hatchback,Manual,2,Hyundai,Hyundai i10,2016,₹ 3.58 Lakh,Third Party insurance,"50,000 Kms",19.81 kmpl,1086 CC,5,Others,5 Speed,FWD,Bangalore
0,Petrol,Hatchback,Automatic,1,Maruti,Maruti Ignis,2017,₹ 5.81 Lakh,Comprehensive,"64,998 Kms",20.89 kmpl,1197 CC,5,Blue,5 Speed,FWD,Bangalore
0,Petrol,Hatchback,Manual,1,Hyundai,Hyundai i20,2015,₹ 6.30 Lakh,Third Party insurance,"75,940 Kms",18.6 kmpl,1197 CC,5,Red,5 Speed,FWD,Bangalore
0,Petrol,Hatchback,Manual,1,Honda,Honda Jazz,2016,₹ 5.60 Lakh,Third Party insurance,"25,639 Kms",18.7 kmpl,1199 CC,5,Grey,5 Speed,FWD,Bangalore
0,Diesel,SUV,Manual,1,Mahindra,Mahindra XUV500,2019,₹ 15.51 Lakh,Third Party insurance,"44,107 Kms",15.1 kmpl,2179 CC,7,Silver,6 Speed,FWD,Bangalore
0,Petrol,Sedan,Manual,2,Hyundai,Hyundai Verna,2014,₹ 5.25 Lakh,Third Party insurance,"60,000 Kms",17.01 kmpl,1591 CC,5,Others,5 Speed,FWD,Bangalore
0,Petrol,Hatchback,Manual,1,Maruti,Maruti Celerio,2018,₹ 5.01 Lakh,Comprehensive,"41,594 Kms",23.1 kmpl,998 CC,5,Others,5 Speed,FWD,Bangalore
0,Petrol,Hatchback,Automatic,2,Maruti,Maruti Wagon R,2020,₹ 6.17 Lakh,Comprehensive,"24,786 Kms",20.52 kmpl,1197 CC,5,White,5 Speed,FWD,Bangalore
0,Petrol,Hatchback,Manual,1,Maruti,Maruti Alto K10,2017,₹ 3.65 Lakh,Third Party insurance,"56,000 Kms",23.95 kmpl,998 CC,5,Grey,5 Speed,FWD,Bangalore
0,Petrol,Sedan,Automatic,1,Honda,Honda City,2018,₹ 9.95 Lakh,Comprehensive,"90,000 Kms",18.3 kmpl,1498 CC,5,White,CVT,,Bangalore
0,Petrol,Hatchback,Manual,2,Hyundai,Hyundai i20,2019,₹ 7.75 Lakh,Comprehensive,"31,000 Kms",18.6 kmpl,1197 CC,5,Orange,5 Speed,FWD,Bangalore
0,Diesel,SUV,Automatic,2,Jaguar,Jaguar F-Pace,2018,₹ 47 Lakh,Third Party insurance,"30,000 Kms",16.38 kmpl,1999 CC,5,Silver,8 Speed,FWD,Bangalore
0,Petrol,Sedan,Manual,1,Hyundai,Hyundai Verna,2017,₹ 7.70 Lakh,Comprehensive,"36,000 Kms",17.7 kmpl,1591 CC,5,Maroon,6 Speed,,Bangalore
0,Petrol,Hatchback,Manual,1,Maruti,Maruti Swift,2018,₹ 7.25 Lakh,Third Party insurance,"19,065 Kms",22 kmpl,1197 CC,5,Grey,5,,Bangalore
0,Petrol,Hatchback,Automatic,1,Honda,Honda Jazz,2019,₹ 8.40 Lakh,Comprehensive,"30,538 Kms",18.2 kmpl,1199 CC,5,White,5 Speed,FWD,Bangalore
0,Petrol,Hatchback,Manual,2,Hyundai,Hyundai i20,2018,₹ 7.99 Lakh,Comprehensive,"48,891 Kms",18.6 kmpl,1197 CC,5,Red,5 Speed,FWD,Bangalore
0,Petrol,Hatchback,Automatic,2,Mercedes-Benz,Mercedes-Benz A Class,2014,₹ 13.80 Lakh,Third Party insurance,"60,000 Kms",15.5 kmpl,1595 CC,5,Others,7G DCT 7-Speed Dual Clutch Transmission ,FWD,Bangalore
0,Petrol,Hatchback,Manual,1,Maruti,Maruti Swift,2018,₹ 6.96 Lakh,Third Party,"26,676 Kms",22 kmpl,1197 CC,5,White,5,,Bangalore
0,Petrol,Hatchback,Manual,1,Maruti,Maruti Swift,2015,₹ 5.76 Lakh,Comprehensive,"35,647 Kms",22.38 kmpl,1197 CC,5,Red,5-Speed,,Bangalore
0,Petrol,Hatchback,Manual,1,Toyota,Toyota Glanza,2020,₹ 7.21 Lakh,Zero Dep,"63,825 Kms",22.35 kmpl,1197 CC,5,Red,5-Speed,,Bangalore
0,Petrol,Sedan,Manual,2,Honda,Honda City,2018,₹ 9.95 Lakh,Third Party insurance,"31,346 Kms",17.4 kmpl,1497 CC,5,Brown,5 Speed,FWD,Bangalore
0,Petrol,Hatchback,Manual,2,Hyundai,Hyundai i20,2015,₹ 5.94 Lakh,Third Party insurance,"79,349 Kms",18.6 kmpl,1197 CC,5,Silver,5 Speed,FWD,Bangalore
0,Diesel,SUV,Manual,1,Mahindra,Mahindra XUV500,2015,₹ 9.27 Lakh,Comprehensive,"88,203 Kms",15.1 kmpl,2179 CC,7,Red,6 Speed ,FWD,Bangalore
0,Diesel,SUV,Automatic,1,Audi,Audi Q3,2018,₹ 32.75 Lakh,Comprehensive,"37,370 Kms",15.17 kmpl,1968 CC,5,Blue,7-Speed S-Tronic,AWD,Bangalore
0,Petrol,Hatchback,Manual,1,Maruti,Maruti Wagon R,2015,₹ 4.26 Lakh,Comprehensive,"52,228 Kms",20.51 kmpl,998 CC,5,Red,5 Speed,FWD,Bangalore
0,Diesel,SUV,Automatic,1,Hyundai,Hyundai Creta,2015,₹ 11 Lakh,Third Party insurance,"70,000 Kms",17.01 kmpl,1582 CC,5,Others,6 Speed,FWD,Bangalore
0,Petrol,SUV,Manual,1,Nissan,Nissan Magnite,2022,₹ 9.05 Lakh,Zero Dep,"40,542 Kms",20 kmpl,999 CC,5,Silver,5 Speed,,Bangalore
0,Petrol,SUV,Automatic,1,Renault,Renault Duster,2019,₹ 8.48 Lakh,Comprehensive,"47,936 Kms",14.99 kmpl,1498 CC,5,Silver,5 speed,FWD,Bangalore
0,Petrol,SUV,Manual,3,Maruti,Maruti Gypsy,1995,₹ 4 Lakh,Third Party insurance,"10,000 Kms",,,6,,,,Bangalore
0,Diesel,Sedan,Automatic,2,Skoda,Skoda Superb,2008,₹ 5.75 Lakh,Third Party insurance,"70,000 Kms",11.9 kmpl,2496 CC,5,Others,5 Speed,FWD,Bangalore
0,Petrol,Sedan,Manual,5,Honda,Honda City,2013,₹ 4 Lakh,Third Party insurance,"1,10,000 Kms",16.8 kmpl,1497 CC,5,White,5 Speed,FWD,Bangalore
0,Petrol,SUV,Manual,3,Maruti,Maruti Gypsy,1995,₹ 4 Lakh,Third Party insurance,"10,000 Kms",,,8,,,,Bangalore
0,Petrol,SUV,Manual,2,Hyundai,Hyundai Creta,2016,₹ 8.95 Lakh,Comprehensive,"45,000 Kms",15.29 kmpl,1591 CC,5,White,6 Speed,FWD,Bangalore
0,Petrol,SUV,Manual,1,Hyundai,Hyundai Venue,2019,₹ 10.99 Lakh,Third Party insurance,"20,469 Kms",18.27 kmpl,998 CC,5,Blue,6-Speed,FWD,Bangalore
0,Petrol,Hatchback,Manual,1,Hyundai,Hyundai i20,2011,₹ 4.25 Lakh,Third Party insurance,"60,000 Kms",17 kmpl,1197 CC,5,Others,5 Speed,FWD,Bangalore
0,Petrol,Sedan,Manual,2,Maruti,Maruti Swift Dzire,2012,₹ 4.45 Lakh,Comprehensive,"70,000 Kms",19.1 kmpl,1197 CC,5,Blue,5 Speed,FWD,Bangalore
0,Diesel,Sedan,Manual,4,Skoda,Skoda Rapid,2014,₹ 3.20 Lakh,Third Party insurance,"1,50,000 Kms",20.5 kmpl,1598 CC,5,Others,5-speed,FWD,Bangalore
0,Petrol,Sedan,Manual,2,Volkswagen,Volkswagen Vento,2017,₹ 7.75 Lakh,Third Party insurance,"46,258 Kms",16.09 kmpl,1598 CC,5,Grey,5 Speed,FWD,Bangalore
0,Petrol,Hatchback,Manual,3,Maruti,Maruti Wagon R,2013,₹ 3.27 Lakh,Comprehensive,"54,242 Kms",18.9 kmpl,998 CC,5,Silver,5 Speed,FWD,Bangalore
0,Petrol,Hatchback,Automatic,1,Honda,Honda Jazz,2017,₹ 6.61 Lakh,Comprehensive,"90,727 Kms",19 kmpl,1199 CC,5,Brown,5 Speed,FWD,Bangalore
0,Diesel,SUV,Manual,1,Mahindra,Mahindra XUV500,2012,₹ 7.75 Lakh,Comprehensive,"1,00,000 Kms",15.1 kmpl,2179 CC,7,White,6 Speed,FWD,Bangalore
0,Petrol,Sedan,Manual,1,Maruti,Maruti Swift Dzire,2017,₹ 6.82 Lakh,Comprehensive,"31,003 Kms",21.21 kmpl,1197 CC,5,Brown,5 Speed,FWD,Bangalore
0,Petrol,Hatchback,Manual,1,Hyundai,Hyundai Grand i10,2017,₹ 5.77 Lakh,Third Party,"24,233 Kms",18.9 kmpl,1197 CC,5,Orange,5 Speed,FWD,Bangalore
0,Petrol,Hatchback,Manual,3,Volkswagen,Volkswagen Polo,2015,₹ 5 Lakh,Third Party insurance,"90,000 Kms",16.47 kmpl,1198 CC,5,Others,5 Speed,FWD,Bangalore
0,Petrol,Hatchback,Manual,1,Honda,Honda Jazz,2017,₹ 6.79 Lakh,Comprehensive,"36,983 Kms",18.7 kmpl,1199 CC,5,Red,5 Speed,FWD,Bangalore
0,Diesel,Hatchback,Automatic,1,Mercedes-Benz,Mercedes-Benz B Class,2014,₹ 14.45 Lakh,Comprehensive,"68,915 Kms",14.8 kmpl,2143 CC,5,Grey,7 Speed,FWD,Bangalore
0,Petrol,Hatchback,Manual,1,Maruti,Maruti Swift,2021,₹ 7.76 Lakh,Third Party,"5,440 Kms",22.38 kmpl,1197 CC,5,Silver,5-Speed,,Bangalore
0,Petrol,Hatchback,Manual,1,Tata,Tata Tiago,2021,₹ 6.90 Lakh,Zero Dep,"8,096 Kms",20.09 kmpl,1199 CC,5,Blue,5-Speed`,,Bangalore
0,Diesel,Sedan,Manual,2,Skoda,Skoda Rapid,2012,₹ 3.80 Lakh,Third Party insurance,"1,20,000 Kms",20.5 kmpl,1598 CC,5,Others,5 Speed,FWD,Bangalore
0,Petrol,SUV,Manual,3,Renault,Renault Duster,2014,₹ 5.60 Lakh,Third Party insurance,"60,000 Kms",13.24 kmpl,1598 CC,5,Others,5 speed,FWD,Bangalore
0,Diesel,SUV,Manual,1,Tata,Tata Safari Storme,2017,₹ 11.25 Lakh,Third Party insurance,"1,20,000 Kms",14.1 kmpl,2179 CC,7,Others,5 Speed,RWD,Bangalore
0,Diesel,MUV,Manual,2,Renault,Renault Lodgy,2015,₹ 5.15 Lakh,Comprehensive,"1,25,903 Kms",19.98 kmpl,1461 CC,7,Blue,6 Speed,FWD,Bangalore
0,Petrol,Hatchback,Manual,2,Hyundai,Hyundai i20,2018,₹ 7.99 Lakh,Comprehensive,"33,040 Kms",18.6 kmpl,1197 CC,5,White,5 Speed,FWD,Bangalore
0,Diesel,SUV,Manual,2,Toyota,Toyota Fortuner,2009,₹ 12 Lakh,Third Party insurance,"1,10,000 Kms",11.5 kmpl,2982 CC,7,White,5 Speed,4WD,Bangalore
0,Diesel,Hatchback,Manual,1,Hyundai,Hyundai i20,2019,₹ 8.35 Lakh,Third Party insurance,"30,722 Kms",22.54 kmpl,1396 CC,5,White,6 Speed,FWD,Bangalore
0,Diesel,Sedan,Manual,1,Honda,Honda City,2016,₹ 7.50 Lakh,Third Party insurance,"80,000 Kms",26 kmpl,1498 CC,5,Others,6 Speed,FWD,Bangalore
0,Diesel,SUV,Manual,2,Toyota,Toyota Fortuner,2009,₹ 12.75 Lakh,Third Party insurance,"1,20,000 Kms",11.5 kmpl,2982 CC,7,Others,5 Speed,4WD,Bangalore
0,Diesel,Sedan,Automatic,2,Mercedes-Benz,Mercedes-Benz E-Class,2017,₹ 30.75 Lakh,Comprehensive,"33,000 Kms",14.21 kmpl,2143 CC,5,White,5 Speed,Rear Wheel Drive with ESP,Bangalore
0,Petrol,Sedan,Manual,1,Honda,Honda City,2014,₹ 5.27 Lakh,Comprehensive,"58,778 Kms",17.4 kmpl,1497 CC,5,Others,5 Speed ,FWD,Bangalore
0,Petrol,Hatchback,Manual,1,Maruti,Maruti S-Presso,2019,₹ 4.26 Lakh,Comprehensive,"51,395 Kms",21.7 kmpl,998 CC,5,Silver,5 Speed,FWD,Bangalore
0,Petrol,SUV,Automatic,2,Ford,Ford Ecosport,2015,₹ 6.25 Lakh,Comprehensive,"1,00,000 Kms",14.7 kmpl,1496 CC,5,White,6 Speed,FWD,Bangalore
0,Petrol,Sedan,Manual,2,Maruti,Maruti Swift Dzire,2013,₹ 4.47 Lakh,Comprehensive,"65,881 Kms",22.41 kmpl,1197 CC,5,Black,5 Speed,,Bangalore
0,Petrol,Hatchback,Manual,2,Maruti,Maruti Swift,2014,₹ 5.52 Lakh,Comprehensive,"49,934 Kms",22.38 kmpl,1197 CC,5,White,5-Speed,,Bangalore
0,Diesel,Sedan,Manual,2,Honda,Honda City,2016,₹ 7.95 Lakh,Comprehensive,"91,000 Kms",26 kmpl,1498 CC,5,White,6 Speed,FWD,Bangalore
0,Petrol,Hatchback,Manual,2,Maruti,Maruti Celerio X,2018,₹ 4.59 Lakh,Comprehensive,"61,576 Kms",21.63 kmpl,998 CC,5,White,5 Speed,FWD,Bangalore
0,Petrol,Sedan,Manual,2,Maruti,Maruti Ciaz,2016,₹ 7 Lakh,1,"1,14,321 Kms",20.73 kmpl,1373 CC,5,White,5 Speed,FWD,Bangalore
0,Petrol,Hatchback,Manual,1,Maruti,Maruti S-Presso,2019,₹ 4.05 Lakh,Third Party insurance,"53,125 Kms",21.7 kmpl,998 CC,5,White,5 Speed,FWD,Bangalore
0,Petrol,Hatchback,Automatic,1,Renault,Renault KWID,2020,₹ 5.36 Lakh,Comprehensive,"36,462 Kms",22 kmpl,999 CC,5,Red,5 Speed,FWD,Bangalore
0,Diesel,SUV,Automatic,1,Mercedes-Benz,Mercedes-Benz M-Class,2014,₹ 24 Lakh,Comprehensive,"97,542 Kms",15.26 kmpl,2143 CC,5,Blue,7 Speed,AWD,Bangalore
0,Diesel,SUV,Automatic,1,Mercedes-Benz,Mercedes-Benz GLE,2017,₹ 47.45 Lakh,Comprehensive,"89,000 Kms",11.57 kmpl,2987 CC,5,White,9 Speed,AWD,Bangalore
0,Petrol,SUV,Manual,2,Renault,Renault Duster,2018,₹ 8.95 Lakh,Comprehensive,"13,000 Kms",14.99 kmpl,1498 CC,5,White,5 speed,FWD,Bangalore
0,Diesel,Sedan,Manual,1,Hyundai,Hyundai Verna,2018,₹ 13.75 Lakh,Third Party insurance,"41,000 Kms",22 kmpl,1582 CC,5,Black,6 Speed,FWD,Bangalore
0,Petrol,Hatchback,Automatic,1,Volkswagen,Volkswagen Polo,2017,₹ 8.80 Lakh,Third Party,"94,471 Kms",17.21 kmpl,1197 CC,5,Red,7 Speed,FWD,Bangalore
0,Diesel,MUV,Manual,1,Toyota,Toyota Innova,2011,₹ 10.30 Lakh,Comprehensive,"58,000 Kms",12.8 kmpl,2494 CC,7,Maroon,5 Speed,,Bangalore
0,Petrol,Hatchback,Manual,1,Maruti,Maruti Wagon R,2016,₹ 4.75 Lakh,Comprehensive,"46,000 Kms",20.52 kmpl,1197 CC,5,Brown,5 Speed,FWD,Bangalore
0,Petrol,SUV,Manual,1,MG,MG Astor,2022,₹ 11.50 Lakh,Third Party insurance,"10,000 Kms",,1498 CC,5,Black,5 Speed,,Bangalore
0,Diesel,SUV,Automatic,1,Mercedes-Benz,Mercedes-Benz GLC,2020,₹ 56.75 Lakh,Comprehensive,"36,531 Kms",,1950 CC,5,White,9 speed Tronic,AWD,Bangalore
0,Petrol,SUV,Manual,1,Toyota,Toyota Urban cruiser,2021,₹ 9.60 Lakh,Third Party insurance,"50,000 Kms",17.03 kmpl,1462 CC,5,White,5 Speed,,Bangalore
0,Petrol,Hatchback,Manual,2,Maruti,Maruti Celerio,2020,₹ 5.32 Lakh,Third Party,"36,004 Kms",21.63 kmpl,998 CC,5,Silver,5 Speed,FWD,Bangalore
0,Petrol,Sedan,Manual,2,Honda,Honda City,2016,₹ 6.51 Lakh,Comprehensive,"58,808 Kms",17.8 kmpl,1497 CC,5,White,5 Speed,FWD,Bangalore
0,Diesel,Sedan,Automatic,1,Mercedes-Benz,Mercedes-Benz C-Class,2017,₹ 32 Lakh,Third Party insurance,"10,000 Kms",19.27 kmpl,2143 CC,5,Blue,7 Speed,RWD,Bangalore
0,Petrol,Hatchback,Manual,1,Hyundai,Hyundai i20,2016,₹ 7.15 Lakh,Comprehensive,"31,983 Kms",18.6 kmpl,1197 CC,5,Silver,5 Speed,FWD,Bangalore
0,Diesel,SUV,Manual,1,Maruti,Maruti Vitara Brezza,2016,₹ 7.40 Lakh,Third Party,"78,536 Kms",24.3 kmpl,1248 CC,5,Maroon,5 Speed,FWD,Bangalore
0,Diesel,SUV,Manual,1,Kia,Kia Seltos,2022,₹ 17 Lakh,Third Party insurance,"20,000 Kms",20.8 kmpl,1493 CC,5,Others,6-Speed,FWD,Bangalore
0,Petrol,Sedan,Manual,2,Maruti,Maruti Swift Dzire,2013,₹ 4.55 Lakh,Comprehensive,"54,134 Kms",22.41 kmpl,1197 CC,5,Black,5 Speed,,Bangalore
0,Petrol,SUV,Automatic,1,Kia,Kia Seltos,2021,₹ 16.99 Lakh,Third Party insurance,"10,000 Kms",16.8 kmpl,1497 CC,5,Others,6-Speed IVT,2WD,Bangalore
0,Petrol,Hatchback,Manual,2,Hyundai,Hyundai Grand i10,2019,₹ 5.24 Lakh,Comprehensive,"27,227 Kms",18.9 kmpl,1197 CC,5,Red,5 Speed,FWD,Bangalore
0,Petrol,SUV,Automatic,1,Jeep,Jeep Compass,2019,₹ 17.65 Lakh,Comprehensive,"25,508 Kms",16 kmpl,1368 CC,5,Grey,7 Speed,4X2,Bangalore
0,Petrol,Hatchback,Manual,1,Hyundai,Hyundai i20,2017,₹ 5.25 Lakh,Third Party insurance,"30,000 Kms",18.6 kmpl,1197 CC,5,Others,5 Speed,FWD,Bangalore
0,Petrol,SUV,Automatic,1,Kia,Kia Seltos,2019,₹ 16 Lakh,Third Party insurance,"20,000 Kms",16.5 kmpl,1353 CC,5,Gray,7-Speed DCT,FWD,Bangalore
0,Diesel,Sedan,Manual,2,Volkswagen,Volkswagen Vento,2012,₹ 3.60 Lakh,Third Party insurance,"1,00,000 Kms",20.54 kmpl,1598 CC,5,Blue,5 Speed,FWD,Bangalore
0,Petrol,SUV,Automatic,1,Mahindra,Mahindra Thar,2021,₹ 16.50 Lakh,Third Party insurance,"20,000 Kms",,1997 CC,4,Others,6 Speed,4X4,Bangalore
0,Petrol,Hatchback,Manual,1,Hyundai,Hyundai i20,2011,₹ 4.10 Lakh,Third Party insurance,"50,000 Kms",17 kmpl,1197 CC,5,Others,5 Speed,FWD,Bangalore
0,Diesel,Sedan,Automatic,1,Mercedes-Benz,Mercedes-Benz CLA,2018,₹ 31.50 Lakh,Comprehensive,"36,000 Kms",17.9 kmpl,2143 CC,5,White,7 Speed,FWD,Bangalore
0,Diesel,Hatchback,Manual,1,Hyundai,Hyundai i20,2019,₹ 8.50 Lakh,Third Party insurance,"40,000 Kms",22.54 kmpl,1396 CC,5,Others,6 Speed,FWD,Bangalore
0,Petrol,SUV,Automatic,1,Hyundai,Hyundai Venue,2021,₹ 12.60 Lakh,Third Party,"19,047 Kms",18.15 kmpl,998 CC,5,Red,7-Speed,FWD,Bangalore
0,Petrol,SUV,Manual,1,Tata,Tata Nexon,2020,₹ 8.50 Lakh,Third Party insurance,"50,000 Kms",17 kmpl,1198 CC,5,Others,6 Speed,FWD,Bangalore
0,Petrol,Hatchback,Automatic,1,Maruti,Maruti Celerio,2018,₹ 4.93 Lakh,Comprehensive,"64,453 Kms",23.1 kmpl,998 CC,5,Red,5 Speed,FWD,Bangalore
0,Petrol,Hatchback,Manual,1,Honda,Honda Brio,2018,₹ 5.05 Lakh,Comprehensive,"43,387 Kms",18.5 kmpl,1198 CC,5,White,5 Speed,FWD,Bangalore
0,Petrol,Hatchback,Automatic,1,Maruti,Maruti Baleno,2020,₹ 8.25 Lakh,Third Party insurance,"36,538 Kms",19.56 kmpl,1197 CC,5,White,CVT,FWD,Bangalore
0,Petrol,Hatchback,Manual,2,Hyundai,Hyundai i20 Active,2017,₹ 6.82 Lakh,Zero Dep,"36,787 Kms",17.19 kmpl,1197 CC,5,Brown,5 Speed,FWD,Bangalore
0,Petrol,Hatchback,Manual,2,Maruti,Maruti Celerio,2018,₹ 4.86 Lakh,Comprehensive,"32,112 Kms",25.24 kmpl,998 CC,5,Red,5-Speed,,Bangalore
0,Petrol,SUV,Manual,1,Hyundai,Hyundai Creta,2022,₹ 18 Lakh,Third Party insurance,"30,000 Kms",,1497 CC,5,Black,6-speed,,Bangalore
0,Petrol,Hatchback,Manual,1,Hyundai,Hyundai Grand i10,2017,₹ 5.40 Lakh,Comprehensive,"53,701 Kms",18.9 kmpl,1197 CC,5,Silver,5 Speed,FWD,Bangalore
0,Petrol,Hatchback,Manual,2,Hyundai,Hyundai Grand i10,2018,₹ 5.30 Lakh,Third Party insurance,"30,000 Kms",18.9 kmpl,1197 CC,5,Others,5 Speed,FWD,Bangalore
0,Petrol,Hatchback,Manual,2,Maruti,Maruti Alto 800,2020,₹ 4.07 Lakh,Zero Dep,"26,085 Kms",22.05 kmpl,796 CC,5,Red,5 Speed,,Bangalore
0,Petrol,Hatchback,Manual,3,Hyundai,Hyundai Grand i10,2016,₹ 4.53 Lakh,Third Party insurance,"46,894 Kms",18.9 kmpl,1197 CC,5,Red,5 Speed,FWD,Bangalore
0,Petrol,SUV,Manual,1,Kia,Kia Sonet,2021,₹ 10.10 Lakh,Third Party insurance,"30,000 Kms",18.2 kmpl,998 CC,5,Others,6-Speed iMT,FWD,Bangalore
0,Petrol,SUV,Automatic,2,Honda,Honda CR-V,2017,₹ 16.75 Lakh,Third Party insurance,"53,692 Kms",12 kmpl,2354 CC,5,White,5 Speed,4WD,Bangalore
0,Diesel,SUV,Automatic,2,Mahindra,Mahindra XUV500,2018,₹ 16.45 Lakh,Comprehensive,"37,809 Kms",15.1 kmpl,2179 CC,7,Brown,6 Speed,FWD,Bangalore
0,Petrol,Hatchback,Automatic,1,Tata,Tata Tiago,2018,₹ 6.25 Lakh,Comprehensive,"33,000 Kms",23.84 kmpl,1199 CC,5,Brown,5 Speed,FWD,Bangalore
0,Petrol,Hatchback,Manual,1,Maruti,Maruti Wagon R,2022,₹ 6.35 Lakh,Comprehensive,"30,813 Kms",20.52 kmpl,1197 CC,5,White,5 Speed,FWD,Bangalore
0,Diesel,Sedan,Manual,1,Hyundai,Hyundai Verna,2013,₹ 5.50 Lakh,Comprehensive,"56,254 Kms",23.9 kmpl,1582 CC,5,Silver,6 Speed ,FWD,Bangalore
0,Diesel,Sedan,Automatic,1,Mercedes-Benz,Mercedes-Benz CLA,2017,₹ 24.50 Lakh,Comprehensive,"58,000 Kms",17.9 kmpl,2143 CC,5,White,7 Speed,FWD,Bangalore
0,Petrol,Sedan,Automatic,2,Maruti,Maruti Ciaz,2020,₹ 10.25 Lakh,Third Party insurance,"15,727 Kms",20.04 kmpl,1462 CC,5,Grey,4 Speed,FWD,Bangalore
0,Electric,Hatchback,Automatic,1,Mahindra,Mahindra e2o Plus,2017,₹ 5.50 Lakh,Third Party insurance,"20,000 Kms",110 kmpl,,4,Red,Direct Drive,FWD,Bangalore
0,Electric,Hatchback,Automatic,1,MG,MG Comet EV,2023,₹ 9.50 Lakh,Third Party insurance,150 Kms,,0 CC,4,Grey,,,Bangalore
0,Petrol,Hatchback,Manual,1,Hyundai,Hyundai i20,2021,₹ 9.77 Lakh,Comprehensive,"21,113 Kms",20 kmpl,998 CC,5,Red,6 Speed IMT,,Bangalore
0,Diesel,Sedan,Manual,1,Hyundai,Hyundai Elantra,2021,₹ 17.05 Lakh,Comprehensive,"71,775 Kms",14.59 kmpl,1493 CC,5,White,6 Speed,FWD,Bangalore
0,Petrol,Hatchback,Automatic,1,Maruti,Maruti Swift,2018,₹ 6.67 Lakh,Third Party,"59,882 Kms",22.56 kmpl,1197 CC,5,Silver,5-Speed,,Bangalore
0,Petrol,Hatchback,Automatic,2,Hyundai,Hyundai Grand i10,2014,₹ 4.94 Lakh,Comprehensive,"24,463 Kms",18.9 kmpl,1197 CC,5,Silver,4 Speed,FWD,Bangalore
0,Petrol,Sedan,Manual,1,Honda,Honda City,2015,₹ 6.36 Lakh,Zero Dep,"72,352 Kms",17.4 kmpl,1497 CC,5,Silver,5 Speed ,FWD,Bangalore
0,Diesel,SUV,Manual,1,Ford,Ford Ecosport,2017,₹ 7.92 Lakh,Comprehensive,"90,928 Kms",23 kmpl,1498 CC,5,Blue,5 Speed,FWD,Bangalore
0,Petrol,SUV,Manual,2,Nissan,Nissan Magnite,2021,₹ 6.95 Lakh,Third Party insurance,"10,000 Kms",20 kmpl,999 CC,5,Others,5 Speed,,Bangalore
0,Petrol,Hatchback,Manual,2,Ford,Ford Figo,2014,₹ 3.60 Lakh,Third Party insurance,"60,000 Kms",15.6 kmpl,1196 CC,5,Others,5 Speed,FWD,Bangalore
0,Petrol,Minivans,Manual,5,Maruti,Maruti Omni,1998,"₹ 58,000 ",Third Party insurance,"80,000 Kms",14 kmpl,796 CC,5,Other,4 Speed,Front Wheel Drive,Bangalore
0,Diesel,SUV,Manual,1,Maruti,Maruti Vitara Brezza,2016,₹ 8.27 Lakh,Comprehensive,"1,17,530 Kms",24.3 kmpl,1248 CC,5,Red,5 Speed,FWD,Bangalore
0,Petrol,Hatchback,Manual,1,Maruti,Maruti Swift,2011,₹ 3.82 Lakh,Comprehensive,"1,02,814 Kms",22.38 kmpl,1197 CC,5,Red,5-Speed,,Bangalore
0,Petrol,Hatchback,Manual,1,Tata,Tata Tiago,2021,₹ 6.50 Lakh,Third Party insurance,"20,000 Kms",19.01 kmpl,1199 CC,5,Blue,5-Speed,,Bangalore
0,Petrol,Hatchback,Automatic,1,Maruti,Maruti Celerio,2017,₹ 5.12 Lakh,Zero Dep,"34,801 Kms",23.1 kmpl,998 CC,5,Blue,5 Speed,FWD,Bangalore
0,Petrol,Hatchback,Manual,3,Maruti,Maruti Celerio,2018,₹ 4.63 Lakh,Comprehensive,"51,877 Kms",25.24 kmpl,998 CC,5,Silver,5-Speed,,Bangalore
0,Petrol,Sedan,Automatic,1,Hyundai,Hyundai Verna,2023,₹ 15 Lakh,Third Party insurance,"10,000 Kms",18.45 kmpl,1497 CC,5,Others,6 Speed IVT,,Bangalore
0,Petrol,Hatchback,Manual,2,Maruti,Maruti Celerio X,2018,₹ 5.25 Lakh,Third Party,"17,125 Kms",21.63 kmpl,998 CC,5,Silver,5 Speed,FWD,Bangalore
0,Diesel,SUV,Manual,1,Renault,Renault Duster,2014,₹ 4.60 Lakh,Third Party insurance,"30,000 Kms",20.45 kmpl,1461 CC,5,Others,5 speed,FWD,Bangalore
0,Petrol,Hatchback,Manual,1,Maruti,Maruti Baleno,2016,₹ 6.27 Lakh,Third Party insurance,"50,318 Kms",21.4 kmpl,1197 CC,5,Silver,5 Speed,FWD,Bangalore
0,Petrol,Sedan,Manual,1,Hyundai,Hyundai Verna,2012,₹ 5.11 Lakh,Comprehensive,"46,123 Kms",17.01 kmpl,1591 CC,5,Silver,5 Speed,FWD,Bangalore
0,Petrol,Hatchback,Manual,3,Hyundai,Hyundai Getz,2006,"₹ 55,000 ",Third Party insurance,"1,20,000 Kms",15.3 kmpl,1341 CC,5,Gray,5 Speed,,Bangalore
0,Diesel,Hatchback,Manual,2,Hyundai,Hyundai i20,2015,₹ 6 Lakh,Third Party insurance,"70,000 Kms",22.54 kmpl,1396 CC,5,Others,6 Speed,FWD,Bangalore
0,Diesel,Sedan,Automatic,1,Volkswagen,Volkswagen Jetta,2014,₹ 12.85 Lakh,Comprehensive,"33,360 Kms",16.96 kmpl,1968 CC,5,Blue,6 Speed ,FWD,Bangalore
0,Petrol,SUV,Automatic,1,Volkswagen,Volkswagen Tiguan,2022,₹ 31.50 Lakh,Third Party insurance,"21,800 Kms",12.65 kmpl,1984 CC,5,Black,7 Speed DCT,AWD,Bangalore
0,Petrol,Hatchback,Manual,1,Tata,Tata Altroz,2023,₹ 7.50 Lakh,Third Party insurance,"10,000 Kms",19.33 kmpl,1199 CC,5,Red,5-Speed,,Bangalore
0,Petrol,Hatchback,Manual,3,Hyundai,Hyundai Santro Xing,2006,₹ 1.30 Lakh,Third Party insurance,"60,000 Kms",,1086 CC,5,Others,,,Bangalore
0,Electric,SUV,Automatic,1,Tata,Tata Nexon EV Max,2023,₹ 18 Lakh,Third Party insurance,"10,000 Kms",,0 CC,5,Others,,,Bangalore
0,Petrol,Hatchback,Automatic,1,Hyundai,Hyundai i20,2021,₹ 9.85 Lakh,Third Party insurance,"11,045 Kms",19.65 kmpl,1197 CC,5,White,IVT,,Bangalore
0,Diesel,Sedan,Automatic,1,Volkswagen,Volkswagen Vento,2018,₹ 10.45 Lakh,Third Party insurance,"51,406 Kms",22.15 kmpl,1498 CC,5,Blue,7 Speed,FWD,Bangalore
0,Diesel,Hatchback,Manual,1,Tata,Tata Indica V2,2012,₹ 2 Lakh,Third Party insurance,"70,000 Kms",25 kmpl,1396 CC,5,Red,5 Speed,FWD,Bangalore
0,Petrol,Hatchback,Manual,1,Maruti,Maruti Baleno,2017,₹ 7.10 Lakh,Comprehensive,"26,031 Kms",21.4 kmpl,1197 CC,5,Blue,5 Speed,FWD,Bangalore
0,Petrol,Hatchback,Manual,1,Maruti,Maruti Swift,2016,₹ 5.86 Lakh,Comprehensive,"30,740 Kms",22.38 kmpl,1197 CC,5,Silver,5-Speed,,Bangalore
0,Petrol,SUV,Automatic,1,MG,MG Astor,2022,₹ 15 Lakh,Third Party insurance,"20,000 Kms",14.82 kmpl,1498 CC,5,Others,8 Speed CVT,,Bangalore
0,Petrol,Hatchback,Automatic,1,Maruti,Maruti Ignis,2017,₹ 5.84 Lakh,Zero Dep,"65,909 Kms",20.89 kmpl,1197 CC,5,White,5 Speed,FWD,Bangalore
0,Petrol,Hatchback,Manual,1,Hyundai,Hyundai i20,2013,₹ 4.09 Lakh,Comprehensive,"1,40,590 Kms",18.5 kmpl,1197 CC,5,Blue,5 Speed,FWD,Bangalore
0,Petrol,MUV,Automatic,2,Toyota,Toyota Innova Crysta,2019,₹ 21.75 Lakh,Third Party insurance,"32,953 Kms",10.75 kmpl,2694 CC,7,Silver,6 Speed,RWD,Bangalore
0,Petrol,Sedan,Automatic,1,Maruti,Maruti Swift Dzire,2019,₹ 7.38 Lakh,Comprehensive,"51,801 Kms",21.21 kmpl,1197 CC,5,Silver,5 Speed,FWD,Bangalore
0,Diesel,Sedan,Manual,1,Hyundai,Hyundai Xcent,2015,₹ 3.80 Lakh,Third Party insurance,"80,000 Kms",24.4 kmpl,1120 CC,5,Others,5 Speed ,FWD ,Bangalore
0,Petrol,Hatchback,Manual,1,Hyundai,Hyundai i20,2017,₹ 6.56 Lakh,Zero Dep,"62,621 Kms",18.6 kmpl,1197 CC,5,Blue,5 Speed,FWD,Bangalore
0,Petrol,Hatchback,Manual,1,Maruti,Maruti Swift,2014,₹ 4.83 Lakh,Comprehensive,"79,068 Kms",22.38 kmpl,1197 CC,5,Red,5-Speed,,Bangalore
0,Petrol,Hatchback,Manual,1,Maruti,Maruti Swift,2018,₹ 5.10 Lakh,Third Party insurance,"50,000 Kms",22 kmpl,1197 CC,5,Others,5,,Bangalore
0,Diesel,Sedan,Automatic,2,Volkswagen,Volkswagen Ameo,2018,₹ 7.50 Lakh,Third Party insurance,"30,000 Kms",21.73 kmpl,1498 CC,5,Others,7 Speed,FWD,Bangalore
0,Petrol,Hatchback,Manual,2,Hyundai,Hyundai i10,2008,₹ 1.85 Lakh,Third Party insurance,"72,000 Kms",19.81 kmpl,1086 CC,5,Gold,5 Speed,FWD,Bangalore
0,Petrol,Hatchback,Manual,2,Hyundai,Hyundai i10,2008,₹ 1.80 Lakh,Third Party insurance,"80,000 Kms",19.81 kmpl,1086 CC,5,Others,5 Speed,FWD,Bangalore
0,Petrol,MUV,Manual,1,Toyota,Toyota Innova Crysta,2021,₹ 19 Lakh,Third Party insurance,"10,000 Kms",8 kmpl,2694 CC,8,Others,5 Speed,RWD,Bangalore
0,Diesel,SUV,Automatic,1,Tata,Tata Harrier,2022,₹ 21 Lakh,Third Party insurance,"20,000 Kms",14.6 kmpl,1956 CC,5,Others,6-Speed,,Bangalore
0,Diesel,SUV,Automatic,2,Mahindra,Mahindra XUV500,2016,₹ 12.45 Lakh,Comprehensive,"36,314 Kms",16 kmpl,2179 CC,7,Orange,6 Speed,FWD,Bangalore
0,Petrol,Hatchback,Manual,1,Volkswagen,Volkswagen Polo,2010,₹ 3 Lakh,Third Party insurance,"67,000 Kms",16.47 kmpl,1198 CC,5,Red,5 Speed,FWD,Bangalore
0,Electric,SUV,Automatic,1,Tata,Tata Nexon EV Prime,2020,₹ 13.50 Lakh,Third Party insurance,"30,000 Kms",,0 CC,5,Others,,,Bangalore
0,Electric,SUV,Automatic,1,Tata,Tata Nexon EV Prime,2022,₹ 14.50 Lakh,Comprehensive,"21,236 Kms",,0 CC,5,White,,,Bangalore
0,Petrol,Hatchback,Automatic,2,Maruti,Maruti Ignis,2017,₹ 5.46 Lakh,Comprehensive,"47,488 Kms",20.89 kmpl,1197 CC,5,Silver,5 Speed,FWD,Bangalore
0,Petrol,Hatchback,Manual,1,Honda,Honda Jazz,2016,₹ 5.33 Lakh,Comprehensive,"56,814 Kms",18.7 kmpl,1199 CC,5,Red,5 Speed,FWD,Bangalore
0,Petrol,Sedan,Automatic,1,Honda,Honda City,2004,₹ 1.60 Lakh,Third Party insurance,"90,000 Kms",14.5 kmpl,1493 CC,5,Gray,,,Bangalore
0,Petrol,Hatchback,Manual,1,Hyundai,Hyundai i10,2012,₹ 3.32 Lakh,Comprehensive,"63,206 Kms",20.36 kmpl,1197 CC,5,White,5 Speed,FWD,Bangalore
0,Petrol,Sedan,Manual,2,Maruti,Maruti Ciaz,2018,₹ 8.09 Lakh,Comprehensive,"61,103 Kms",21.56 kmpl,1462 CC,5,Silver,5 Speed,FWD,Bangalore
0,Petrol,Hatchback,Manual,1,Maruti,Maruti Alto,2008,₹ 2 Lakh,Third Party insurance,"70,000 Kms",19.7 kmpl,796 CC,5,Black,5 Speed,FWD,Bangalore
0,Petrol,Hatchback,Automatic,3,Maruti,Maruti Celerio,2015,₹ 3.47 Lakh,Comprehensive,"1,12,268 Kms",23.1 kmpl,998 CC,5,White,5 Speed ,FWD,Bangalore
0,Petrol,Hatchback,Manual,2,Maruti,Maruti Swift,2006,₹ 1.50 Lakh,Third Party insurance,"70,000 Kms",16.1 kmpl,1298 CC,5,Others,5 Speed,,Bangalore
0,Petrol,SUV,Manual,1,Volkswagen,Volkswagen Taigun,2021,₹ 13.59 Lakh,Comprehensive,"97,346 Kms",20.08 kmpl,999 CC,5,Silver,6-Speed,,Bangalore
0,Petrol,Hatchback,Manual,2,Hyundai,Hyundai Grand i10,2018,₹ 5.43 Lakh,Comprehensive,"36,977 Kms",18.9 kmpl,1197 CC,5,Others,5 Speed,FWD,Bangalore
0,Petrol,Hatchback,Manual,3,Maruti,Maruti Swift,2006,₹ 1.50 Lakh,Third Party insurance,"70,000 Kms",16.1 kmpl,1298 CC,5,Others,5 Speed,,Bangalore
0,Diesel,Hatchback,Manual,2,Hyundai,Hyundai i20,2013,₹ 4.75 Lakh,Third Party insurance,"60,000 Kms",21.27 kmpl,1396 CC,5,Others,6 Speed,FWD,Bangalore
0,Petrol,Hatchback,Manual,2,Hyundai,Hyundai Santro,2003,₹ 1.10 Lakh,Third Party insurance,"80,000 Kms",,1086 CC,5,Others,,,Bangalore
0,Petrol,Hatchback,Automatic,2,Renault,Renault KWID,2016,₹ 3.50 Lakh,Third Party insurance,"35,000 Kms",24.04 kmpl,999 CC,5,Silver,5 Speed,FWD,Bangalore
0,Petrol,Hatchback,Manual,3,Hyundai,Hyundai Getz,2006,₹ 1.35 Lakh,Third Party insurance,"1,00,000 Kms",15.3 kmpl,1341 CC,5,Black,5 Speed,,Bangalore
0,Petrol,Hatchback,Manual,2,Maruti,Maruti Wagon R,2005,₹ 1.70 Lakh,Third Party insurance,"90,000 Kms",18.9 kmpl,998 CC,5,Others,5 Speed,FWD,Bangalore
0,Diesel,SUV,Automatic,1,BMW,BMW X1,2018,₹ 28.50 Lakh,Comprehensive,"85,700 Kms",20.68 kmpl,1995 CC,5,White,8 Speed,FWD,Bangalore
0,Diesel,Sedan,Automatic,1,Mercedes-Benz,Mercedes-Benz C-Class,2016,₹ 27.50 Lakh,Comprehensive,"50,000 Kms",19.27 kmpl,2143 CC,5,Brown,7 Speed,RWD,Bangalore
0,Diesel,MUV,Manual,2,Toyota,Toyota Innova,2015,₹ 14.49 Lakh,Third Party insurance,"50,000 Kms",12.99 kmpl,2494 CC,7,Others,5 Speed,RWD,Bangalore
0,Petrol,Hatchback,Manual,1,Maruti,Maruti Alto K10,2015,₹ 3 Lakh,Third Party insurance,"50,000 Kms",23.95 kmpl,998 CC,5,Others,5 Speed,FWD,Bangalore
0,Petrol,Hatchback,Manual,2,Maruti,Maruti Wagon R,2014,₹ 3.77 Lakh,Third Party,"40,082 Kms",20.51 kmpl,998 CC,5,Others,5 Speed,FWD,Bangalore
0,Diesel,Sedan,Automatic,2,Maruti,Maruti Swift Dzire,2017,₹ 6.38 Lakh,Comprehensive,"1,12,566 Kms",28.4 kmpl,1248 CC,5,Silver,5 Speed,FWD,Bangalore
0,Petrol,SUV,Automatic,1,Hyundai,Hyundai Creta,2020,₹ 15.75 Lakh,Comprehensive,"68,000 Kms",,1397 CC,5,White,7-speed DCT,,Bangalore
0,Petrol,Hatchback,Automatic,1,Maruti,Maruti Wagon R,2021,₹ 6.74 Lakh,Comprehensive,"61,978 Kms",20.52 kmpl,1197 CC,5,Silver,5 Speed,FWD,Bangalore
0,Petrol,Hatchback,Manual,1,Maruti,Maruti Wagon R,2021,₹ 6.13 Lakh,Third Party,"27,658 Kms",20.52 kmpl,1197 CC,5,White,5 Speed,FWD,Bangalore
0,Petrol,SUV,Manual,1,Kia,Kia Seltos,2019,₹ 11.45 Lakh,Comprehensive,"26,000 Kms",16.8 kmpl,1497 CC,5,Silver,6-Speed,FWD,Bangalore
0,Petrol,Hatchback,Manual,2,Hyundai,Hyundai i20,2015,₹ 5.95 Lakh,Comprehensive,"43,371 Kms",18.6 kmpl,1197 CC,5,Red,5 Speed,FWD,Bangalore
0,Diesel,SUV,Manual,2,Ford,Ford Ecosport,2014,₹ 4.50 Lakh,Third Party insurance,"1,20,000 Kms",22.7 kmpl,1498 CC,5,Black,5 Speed,FWD,Bangalore
0,Petrol,Hatchback,Manual,1,Honda,Honda Jazz,2017,₹ 5.99 Lakh,Third Party insurance,"67,633 Kms",18.7 kmpl,1199 CC,5,Red,5 Speed,FWD,Bangalore
0,Petrol,Hatchback,Manual,1,Maruti,Maruti Baleno,2016,₹ 6.25 Lakh,Third Party insurance,"76,794 Kms",21.4 kmpl,1197 CC,5,Orange,5 Speed,FWD,Bangalore
0,Diesel,MUV,Manual,1,Toyota,Toyota Innova,2011,₹ 7.50 Lakh,Third Party insurance,"1,20,000 Kms",12.8 kmpl,2494 CC,8,Others,5 Speed,,Bangalore
0,Diesel,MUV,Automatic,1,Toyota,Toyota Innova Crysta,2018,₹ 21.65 Lakh,Comprehensive,"59,577 Kms",11.36 kmpl,2755 CC,8,Silver,6 Speed,RWD,Bangalore
0,Diesel,Sedan,Manual,2,Chevrolet,Chevrolet Cruze,2010,₹ 4.45 Lakh,Third Party insurance,"1,00,000 Kms",18.3 kmpl,1991 CC,5,Others,5 Speed,,Bangalore
0,Petrol,Sedan,Manual,3,Toyota,Toyota Camry,2004,₹ 1.20 Lakh,Third Party insurance,"1,00,000 Kms",13.4 kmpl,2362 CC,5,Black,5 Speed,,Bangalore
0,Petrol,Hatchback,Manual,2,Hyundai,Hyundai i10,2012,₹ 3.20 Lakh,Third Party insurance,"50,000 Kms",20.36 kmpl,1197 CC,5,Others,5 Speed,FWD,Bangalore
0,Diesel,SUV,Automatic,1,Kia,Kia Sonet,2022,₹ 13.50 Lakh,Third Party insurance,"20,000 Kms",,1493 CC,5,Others,6-Speed,FWD,Bangalore
0,Petrol,Hatchback,Manual,2,Maruti,Maruti Alto,2006,₹ 1.65 Lakh,Third Party insurance,"1,20,000 Kms",19.7 kmpl,796 CC,5,Others,5 Speed,FWD,Bangalore
0,Petrol,Hatchback,Manual,2,Fiat,Fiat Punto Abarth,2018,₹ 5.25 Lakh,Third Party insurance,"50,000 Kms",16.3 kmpl,1368 CC,5,Black,5 Speed,FWD,Bangalore
0,Diesel,SUV,Manual,1,Hyundai,Hyundai Creta,2015,₹ 8.88 Lakh,Third Party insurance,"80,000 Kms",19.67 kmpl,1582 CC,5,White,6 Speed,FWD,Bangalore
0,Diesel,SUV,Manual,2,Mahindra,Mahindra TUV 300,2015,₹ 5.75 Lakh,Comprehensive,"80,000 Kms",18.49 kmpl,1493 CC,7,Silver,5 Speed,RWD,Bangalore
0,Diesel,Sedan,Manual,1,Maruti,Maruti Swift Dzire,2017,₹ 7.07 Lakh,Comprehensive,"94,932 Kms",28.4 kmpl,1248 CC,5,Silver,5 Speed,FWD,Bangalore
0,Petrol,Hatchback,Manual,1,Maruti,Maruti Baleno,2016,₹ 5.93 Lakh,Comprehensive,"75,140 Kms",21.4 kmpl,1197 CC,5,Red,5 Speed,FWD,Bangalore
0,Petrol,Hatchback,Manual,1,Chevrolet,Chevrolet Beat,2011,₹ 2.50 Lakh,Third Party insurance,"88,000 Kms",18.6 kmpl,1199 CC,5,Blue,5 Speed,FWD,Bangalore
0,Petrol,Hatchback,Manual,1,Hyundai,Hyundai i20,2016,₹ 6.85 Lakh,Comprehensive,"73,969 Kms",18.6 kmpl,1197 CC,5,Red,5 Speed,FWD,Bangalore
0,Petrol,Sedan,Manual,1,Hyundai,Hyundai Verna,2016,₹ 6.99 Lakh,Comprehensive,"62,598 Kms",17.01 kmpl,1591 CC,5,Silver,5 Speed,FWD,Bangalore
0,Petrol,Sedan,Automatic,2,Toyota,Toyota Corolla Altis,2017,₹ 12 Lakh,Third Party insurance,"70,000 Kms",14.28 kmpl,1798 CC,5,Others,7 Speed,FWD,Bangalore
0,Petrol,Hatchback,Manual,2,Maruti,Maruti Alto 800,2021,₹ 4.25 Lakh,Zero Dep,"24,343 Kms",22.05 kmpl,796 CC,5,Silver,5 Speed,,Bangalore
0,Diesel,Hatchback,Manual,2,Volkswagen,Volkswagen Polo,2014,₹ 3.80 Lakh,Third Party insurance,"1,10,000 Kms",22.07 kmpl,1199 CC,5,Silver,5 Speed,FWD,Bangalore
0,Petrol,Hatchback,Manual,2,Volkswagen,Volkswagen Polo,2017,₹ 5.74 Lakh,Third Party,"58,917 Kms",16.2 kmpl,1199 CC,5,White,5 Speed,FWD,Bangalore
0,Petrol,Hatchback,Manual,1,Maruti,Maruti Swift,2016,₹ 5.73 Lakh,Comprehensive,"72,338 Kms",22.38 kmpl,1197 CC,5,Silver,5-Speed,,Bangalore
0,Diesel,Hatchback,Manual,1,Tata,Tata Indica V2,2003,"₹ 70,000 ",Third Party insurance,"50,000 Kms",17.88 kmpl,1396 CC,5,Others,5 Speed,FWD,Bangalore
0,Diesel,SUV,Manual,3,Mahindra,Mahindra XUV500,2015,₹ 6.85 Lakh,Third Party insurance,"1,10,000 Kms",16 kmpl,2179 CC,7,Others,6 Speed ,FWD,Bangalore
0,Petrol,Hatchback,Automatic,2,Honda,Honda Brio,2012,₹ 4.25 Lakh,Comprehensive,"41,000 Kms",18.4 kmpl,1198 CC,5,Silver,5 Speed,FWD,Bangalore
0,Petrol,Hatchback,Automatic,2,Hyundai,Hyundai i10,2009,₹ 2.65 Lakh,Third Party insurance,"70,000 Kms",19.2 kmpl,1197 CC,5,Others,4 Speed,,Bangalore
0,Petrol,Sedan,Manual,1,Maruti,Maruti Swift Dzire,2019,₹ 6 Lakh,Comprehensive,"25,887 Kms",17.5 kmpl,1298 CC,5,Orange,5 Speed,2 WD,Bangalore
0,Petrol,Sedan,Manual,1,Honda,Honda City,2016,₹ 6.50 Lakh,Third Party insurance,"40,000 Kms",17.8 kmpl,1497 CC,5,Others,5 Speed,FWD,Bangalore
0,Diesel,Hatchback,Manual,1,Maruti,Maruti Swift,2015,₹ 4.30 Lakh,Third Party insurance,"50,000 Kms",25.2 kmpl,1248 CC,5,Others,5 Speed,FWD,Bangalore
0,Petrol,Minivans,Manual,1,Maruti,Maruti Eeco,2021,₹ 5.30 Lakh,Third Party insurance,"10,000 Kms",16.11 kmpl,1196 CC,7,Others,5 Speed,,Bangalore
0,Petrol,Hatchback,Manual,1,Volkswagen,Volkswagen Polo,2022,₹ 10.75 Lakh,Third Party insurance,"20,000 Kms",18.24 kmpl,999 CC,5,Others,6 Speed,FWD,Bangalore
0,Petrol,Sedan,Manual,2,Hyundai,Hyundai Verna,2017,₹ 7.50 Lakh,Third Party insurance,"60,000 Kms",17 kmpl,1591 CC,5,Others,6 Speed,FWD,Bangalore
0,Petrol,Hatchback,Manual,2,Hyundai,Hyundai i20,2017,₹ 6.15 Lakh,Third Party,"64,235 Kms",18.6 kmpl,1197 CC,5,Red,5 Speed,FWD,Bangalore
0,Diesel,Hatchback,Manual,1,Maruti,Maruti Baleno,2018,₹ 7.46 Lakh,Zero Dep,"83,873 Kms",27.39 kmpl,1248 CC,5,Silver,5 Speed,FWD,Bangalore
0,Diesel,Sedan,Manual,2,Skoda,Skoda Rapid,2012,₹ 3.70 Lakh,Third Party insurance,"1,20,000 Kms",20.5 kmpl,1598 CC,5,Others,5 Speed,FWD,Bangalore
0,Petrol,Sedan,Manual,2,Hyundai,Hyundai Verna,2016,₹ 6.67 Lakh,Comprehensive,"93,059 Kms",17.01 kmpl,1591 CC,5,Silver,5 Speed,FWD,Bangalore
0,Petrol,Hatchback,Manual,1,Maruti,Maruti Baleno,2017,₹ 6.34 Lakh,Zero Dep,"45,681 Kms",21.4 kmpl,1197 CC,5,Blue,5 Speed,FWD,Bangalore
0,Petrol,Sedan,Manual,3,Maruti,Maruti 1000,1998,"₹ 40,000 ",Third Party insurance,"50,000 Kms",15 kmpl,970 CC,5,White,,,Bangalore
0,Petrol,Hatchback,Manual,2,Honda,Honda Jazz,2017,₹ 5.79 Lakh,Comprehensive,"45,938 Kms",18.7 kmpl,1199 CC,5,Brown,5 Speed,FWD,Bangalore
0,Petrol,Hatchback,Manual,1,Maruti,Maruti Baleno,2018,₹ 5.10 Lakh,Third Party insurance,"40,000 Kms",21.4 kmpl,1197 CC,5,Others,5 Speed,FWD,Bangalore
0,Petrol,Hatchback,Manual,2,Maruti,Maruti Swift,2018,₹ 6.34 Lakh,Third Party insurance,"57,423 Kms",22.38 kmpl,1197 CC,5,Blue,5-Speed,,Bangalore
0,Petrol,Hatchback,Automatic,1,Hyundai,Hyundai Grand i10,2015,₹ 5.27 Lakh,Third Party,"60,942 Kms",18.9 kmpl,1197 CC,5,Silver,4 Speed,FWD,Bangalore
0,Petrol,SUV,Automatic,1,Hyundai,Hyundai Creta,2018,₹ 9 Lakh,Third Party insurance,"70,000 Kms",13 kmpl,1591 CC,5,Others,6 Speed,FWD,Bangalore
0,Diesel,SUV,Manual,2,Jeep,Jeep Compass,2018,₹ 15 Lakh,Third Party insurance,"80,000 Kms",17.1 kmpl,1956 CC,5,Others,6 Speed,4X2,Bangalore
0,Diesel,SUV,Automatic,1,Citroen,Citroen C5 Aircross,2021,₹ 30 Lakh,Comprehensive,"19,875 Kms",18.6 kmpl,1997 CC,5,Black,8-Speed,,Bangalore
0,Diesel,SUV,Automatic,1,Mahindra,Mahindra XUV700,2022,₹ 27.50 Lakh,Third Party insurance,"20,000 Kms",,2198 CC,7,Black,6-Speed,FWD,Bangalore
0,Petrol,Hatchback,Manual,2,Hyundai,Hyundai Grand i10 Nios,2021,₹ 6.50 Lakh,Third Party insurance,"10,000 Kms",20.7 kmpl,1197 CC,5,Others,5-Speed,,Bangalore
0,Diesel,MUV,Manual,2,Toyota,Toyota Innova,2012,₹ 9.65 Lakh,Third Party insurance,"1,20,000 Kms",12.99 kmpl,2494 CC,7,Others,5 Speed,FWD,Bangalore
0,Petrol,SUV,Automatic,1,Volkswagen,Volkswagen Tiguan,2022,₹ 36 Lakh,Third Party insurance,"20,000 Kms",12.65 kmpl,1984 CC,5,Black,7 Speed DCT,AWD,Bangalore
0,Diesel,Sedan,Manual,4,Hyundai,Hyundai Verna,2013,₹ 4 Lakh,Third Party insurance,"1,20,000 Kms",22.32 kmpl,1582 CC,5,Others,6 Speed ,FWD,Bangalore
0,Petrol,Sedan,Manual,1,Fiat,Fiat Linea,2009,₹ 3 Lakh,Third Party insurance,"50,000 Kms",16 kmpl,1368 CC,5,Others,Five Speed Manual,Front Wheel Drive,Bangalore
0,Diesel,Sedan,Automatic,1,BMW,BMW 3 Series GT,2018,₹ 34 Lakh,Third Party insurance,"30,000 Kms",21.76 kmpl,1995 CC,5,Blue,8 Speed,RWD,Bangalore
0,Petrol,Hatchback,Manual,1,Hyundai,Hyundai i20,2020,₹ 9.82 Lakh,Zero Dep,"14,949 Kms",20 kmpl,998 CC,5,Red,6 Speed IMT,,Bangalore
0,Petrol,Hatchback,Automatic,1,Maruti,Maruti Baleno,2017,₹ 6.74 Lakh,Comprehensive,"77,995 Kms",21.4 kmpl,1197 CC,5,Silver,CVT,FWD,Bangalore
0,Petrol,SUV,Manual,1,Tata,Tata Nexon,2021,₹ 8.10 Lakh,Third Party insurance,"20,000 Kms",17.33 kmpl,1199 CC,5,Others,6 Speed,,Bangalore
0,Petrol,Sedan,Manual,1,Maruti,Maruti Ciaz,2020,₹ 7.92 Lakh,Comprehensive,"40,908 Kms",20.65 kmpl,1462 CC,5,Blue,5 Speed,FWD,Bangalore
0,Petrol,Hatchback,Automatic,2,Hyundai,Hyundai Grand i10,2016,₹ 5.13 Lakh,Comprehensive,"39,693 Kms",18.9 kmpl,1197 CC,5,Red,4 Speed,FWD,Bangalore
0,Petrol,Sedan,Manual,1,Hyundai,Hyundai Verna,2010,₹ 3.60 Lakh,Third Party insurance,"40,000 Kms",16.2 kmpl,1599 CC,5,Others,Five Speed Manual Transmission,Two Wheel Drive,Bangalore
0,Petrol,Hatchback,Manual,1,Maruti,Maruti Swift,2016,₹ 5.79 Lakh,Comprehensive,"63,411 Kms",22.38 kmpl,1197 CC,5,White,5-Speed,,Bangalore
0,Petrol,Hatchback,Manual,1,Maruti,Maruti Swift,2018,₹ 5.50 Lakh,Third Party insurance,"30,000 Kms",22 kmpl,1197 CC,5,Others,5,,Bangalore
0,Petrol,Hatchback,Manual,2,Hyundai,Hyundai Grand i10,2014,₹ 3.83 Lakh,Comprehensive,"94,221 Kms",18.9 kmpl,1197 CC,5,Red,5 Speed,FWD,Bangalore
0,Petrol,Hatchback,Manual,1,Hyundai,Hyundai i20,2017,₹ 6.05 Lakh,Third Party insurance,"93,975 Kms",18.6 kmpl,1197 CC,5,White,5 Speed,FWD,Bangalore
0,Petrol,SUV,Manual,1,Mahindra,Mahindra XUV300,2019,₹ 9.85 Lakh,Third Party insurance,"30,000 Kms",16.82 kmpl,1197 CC,5,Red,6 Speed,,Bangalore
0,Petrol,Hatchback,Manual,2,Volkswagen,Volkswagen Polo,2020,₹ 9.35 Lakh,Third Party,"30,155 Kms",18.24 kmpl,999 CC,5,Grey,6 Speed,FWD,Bangalore
0,Petrol,Hatchback,Manual,2,Volkswagen,Volkswagen Polo,2016,₹ 6.75 Lakh,Third Party insurance,"59,006 Kms",16.47 kmpl,1198 CC,5,White,5 Speed,FWD,Bangalore
0,Petrol,Hatchback,Manual,4,Maruti,Maruti Zen,2004,₹ 1.35 Lakh,Third Party insurance,"1,00,000 Kms",17.3 kmpl,993 CC,5,Silver,5 Speed,,Bangalore
0,Petrol,SUV,Automatic,1,Tata,Tata Nexon,2022,₹ 13.45 Lakh,Third Party,"18,570 Kms",16.35 kmpl,1199 CC,5,White,6-Speed,,Bangalore
0,Diesel,MUV,Manual,1,Toyota,Toyota Innova Crysta,2021,₹ 23.65 Lakh,Comprehensive,"48,246 Kms",12 kmpl,2393 CC,7,White,5 Speed,RWD,Bangalore
0,Diesel,Sedan,Automatic,1,Mercedes-Benz,Mercedes-Benz C-Class,2017,₹ 32 Lakh,Third Party insurance,"10,000 Kms",19.27 kmpl,2143 CC,5,Others,7 Speed,RWD,Bangalore
0,Diesel,Hatchback,Manual,1,Maruti,Maruti Baleno,2016,₹ 7.34 Lakh,Third Party insurance,"61,263 Kms",27.39 kmpl,1248 CC,5,Red,5 Speed,FWD,Bangalore
0,Petrol,SUV,Manual,2,Honda,Honda WR-V,2017,₹ 7.01 Lakh,Third Party,"65,507 Kms",17.5 kmpl,1199 CC,5,White,5 Speed,FWD,Bangalore
0,Diesel,SUV,Manual,1,Renault,Renault Duster,2014,₹ 5.35 Lakh,Third Party insurance,"1,00,000 Kms",20.46 kmpl,1461 CC,5,Others,5 speed,FWD,Bangalore
0,Petrol,SUV,Manual,1,Honda,Honda WR-V,2017,₹ 7.89 Lakh,Comprehensive,"26,158 Kms",17.5 kmpl,1199 CC,5,Silver,5 Speed,FWD,Bangalore
0,Petrol,Hatchback,Manual,1,Maruti,Maruti Swift,2015,₹ 5.48 Lakh,Comprehensive,"35,250 Kms",22.38 kmpl,1197 CC,5,White,5-Speed,,Bangalore
0,Diesel,SUV,Manual,1,Mahindra,Mahindra Quanto,2012,₹ 3.50 Lakh,Comprehensive,"65,965 Kms",17.21 kmpl,1493 CC,7,Red,5 Speed ,RWD,Bangalore
0,Petrol,Hatchback,Manual,2,Maruti,Maruti Celerio,2015,₹ 4.77 Lakh,Comprehensive,"40,304 Kms",25.24 kmpl,998 CC,5,Others,5-Speed,,Bangalore
0,Diesel,SUV,Automatic,1,Land Rover,Land Rover Freelander 2,2013,₹ 15.25 Lakh,Comprehensive,"80,000 Kms",12.35 kmpl,2179 CC,5,Silver,6 Speed,4WD,Bangalore
0,Petrol,Hatchback,Manual,1,Maruti,Maruti Swift,2014,₹ 5.15 Lakh,Comprehensive,"56,661 Kms",22.38 kmpl,1197 CC,5,Silver,5-Speed,,Bangalore
0,Petrol,Hatchback,Manual,2,Hyundai,Hyundai i20,2016,₹ 5.62 Lakh,Comprehensive,"90,213 Kms",18.6 kmpl,1197 CC,5,Silver,5 Speed,FWD,Bangalore
0,Petrol,Sedan,Manual,3,Volkswagen,Volkswagen Vento,2010,₹ 3.45 Lakh,Third Party insurance,"70,000 Kms",15.04 kmpl,1598 CC,5,Others,5 Speed,FWD,Bangalore
0,Diesel,Sedan,Manual,4,Hyundai,Hyundai Verna,2013,₹ 4.75 Lakh,Third Party insurance,"1,20,000 Kms",22.32 kmpl,1582 CC,5,Others,6 Speed ,FWD,Bangalore
0,Petrol,SUV,Manual,2,Nissan,Nissan Magnite,2021,₹ 6.70 Lakh,Third Party insurance,"10,000 Kms",18.75 kmpl,999 CC,5,Others,5 Speed,,Bangalore
0,Petrol,Hatchback,Automatic,1,Honda,Honda Jazz,2021,₹ 9.50 Lakh,Comprehensive,"20,739 Kms",17.1 kmpl,1199 CC,5,Brown,7 Speed,,Bangalore
0,Petrol,Hatchback,Manual,2,Hyundai,Hyundai i20,2020,₹ 7 Lakh,Third Party insurance,"20,000 Kms",18.6 kmpl,1197 CC,5,Others,5 Speed,FWD,Bangalore
0,Petrol,Sedan,Manual,1,Opel,OpelCorsa,2004,"₹ 80,000 ",Third Party insurance,"70,000 Kms",14.2 kmpl,1389 CC,5,Silver,5 Speed,,Bangalore
0,Petrol,SUV,Automatic,1,Mahindra,Mahindra Thar,2021,₹ 15 Lakh,Third Party insurance,"10,000 Kms",15.2 kmpl,1997 CC,4,Red,6 Speed,4X4,Bangalore
0,Diesel,Sedan,Manual,3,Chevrolet,Chevrolet Cruze,2009,₹ 3.70 Lakh,Third Party insurance,"60,000 Kms",18.3 kmpl,1991 CC,5,White,5 Speed,,Bangalore
0,Diesel,Sedan,Automatic,1,Mercedes-Benz,Mercedes-Benz C-Class,2017,₹ 32 Lakh,Third Party insurance,"10,000 Kms",19.27 kmpl,2143 CC,5,Others,7 Speed,RWD,Bangalore
0,Diesel,Hatchback,Manual,1,Hyundai,Hyundai i20,2015,₹ 5.50 Lakh,Third Party insurance,"70,000 Kms",22.54 kmpl,1396 CC,5,Others,6 Speed,FWD,Bangalore
0,Petrol,Hatchback,Manual,2,Hyundai,Hyundai i20,2015,₹ 5.81 Lakh,Comprehensive,"47,127 Kms",18.6 kmpl,1197 CC,5,Silver,5 Speed,FWD,Bangalore
0,Petrol,Hatchback,Manual,1,Maruti,Maruti Swift,2017,₹ 5.82 Lakh,Comprehensive,"47,038 Kms",20.4 kmpl,1197 CC,5,Others,5 Speed,FWD,Bangalore
0,Petrol,Sedan,Manual,3,Honda,Honda City,2007,₹ 1.85 Lakh,Third Party insurance,"1,20,000 Kms",17.7 kmpl,1497 CC,5,Others,5 Speed,,Bangalore
0,Petrol,Hatchback,Manual,1,Hyundai,Hyundai Grand i10,2018,₹ 5.31 Lakh,Third Party,"40,769 Kms",18.9 kmpl,1197 CC,5,Blue,5 Speed,FWD,Bangalore
0,Petrol,Hatchback,Manual,1,Hyundai,Hyundai Grand i10,2017,₹ 5.58 Lakh,Comprehensive,"34,757 Kms",18.9 kmpl,1197 CC,5,Orange,5 Speed,FWD,Bangalore
0,Petrol,Hatchback,Manual,3,Hyundai,Hyundai Santro Xing,2006,₹ 1.55 Lakh,Third Party insurance,"1,00,000 Kms",17 kmpl,1086 CC,5,Others,,,Bangalore
0,Petrol,Hatchback,Automatic,2,Hyundai,Hyundai Grand i10,2016,₹ 5.08 Lakh,Comprehensive,"88,119 Kms",18.9 kmpl,1197 CC,5,Blue,4 Speed,FWD,Bangalore
0,Diesel,SUV,Automatic,1,Toyota,Toyota Fortuner,2015,₹ 20.60 Lakh,Third Party insurance,"1,20,000 Kms",12.55 kmpl,2982 CC,7,Others,5 Speed,4WD,Bangalore
0,Petrol,Hatchback,Manual,1,Hyundai,Hyundai Grand i10,2017,₹ 5.42 Lakh,Third Party,"57,176 Kms",18.9 kmpl,1197 CC,5,Orange,5 Speed,FWD,Bangalore
0,Petrol,Hatchback,Manual,2,Maruti,Maruti Swift,2015,₹ 5.01 Lakh,Comprehensive,"62,223 Kms",22.38 kmpl,1197 CC,5,Silver,5-Speed,,Bangalore
0,Petrol,MUV,Manual,1,Maruti,Maruti Ertiga,2018,₹ 8.75 Lakh,Third Party insurance,"55,000 Kms",19.34 kmpl,1462 CC,7,Grey,5 Speed,2WD,Bangalore
0,Diesel,SUV,Manual,1,Mahindra,Mahindra Scorpio,2020,₹ 13.70 Lakh,Third Party insurance,"52,000 Kms",,2179 CC,7,Black,6 Speed,,Bangalore
0,Petrol,Minivans,Manual,1,Maruti,Maruti Eeco,2018,₹ 4.85 Lakh,Comprehensive,"63,251 Kms",16.11 kmpl,1196 CC,5,Silver,5 Speed,,Bangalore
0,Petrol,Hatchback,Manual,3,Hyundai,Hyundai i10,2010,₹ 3 Lakh,Third Party insurance,"20,000 Kms",20.36 kmpl,1197 CC,5,Red,5 Speed,FWD,Bangalore
0,Diesel,Sedan,Manual,3,Chevrolet,Chevrolet Cruze,2009,₹ 3.50 Lakh,Third Party insurance,"60,000 Kms",18.3 kmpl,1991 CC,5,White,5 Speed,,Bangalore
0,Diesel,SUV,Automatic,1,Citroen,Citroen C5 Aircross,2021,₹ 32.50 Lakh,Third Party insurance,"20,000 Kms",18.6 kmpl,1997 CC,5,Blue,8-Speed,,Bangalore
0,Petrol,Sedan,Manual,2,Ford,Ford Ikon,2004,"₹ 55,000 ",Third Party insurance,"80,000 Kms",14.2 kmpl,1597 CC,5,Silver,5 Speed,FWD,Bangalore
0,Petrol,Hatchback,Automatic,1,Hyundai,Hyundai Grand i10,2018,₹ 6.30 Lakh,Third Party insurance,"40,000 Kms",18.9 kmpl,1197 CC,5,Red,4 Speed,FWD,Bangalore
0,Diesel,SUV,Automatic,1,Tata,Tata New Safari,2022,₹ 24.75 Lakh,Third Party insurance,"20,000 Kms",14.08 kmpl,1956 CC,7,Others,6-Speed,,Bangalore
0,Petrol,Hatchback,Manual,1,Hyundai,Hyundai i20,2012,₹ 4.17 Lakh,Third Party insurance,"67,444 Kms",18.5 kmpl,1197 CC,5,Others,5 Speed,FWD,Bangalore
0,Petrol,Hatchback,Automatic,2,Maruti,Maruti Baleno,2016,₹ 6.31 Lakh,Comprehensive,"63,837 Kms",21.4 kmpl,1197 CC,5,Red,CVT,FWD,Bangalore
0,Diesel,MUV,Manual,2,Mahindra,Mahindra Xylo,2012,₹ 4.65 Lakh,Comprehensive,"61,000 Kms",14 kmpl,2498 CC,7,Brown,5 Speed,2 WD,Bangalore
0,Petrol,Hatchback,Manual,1,Maruti,Maruti Swift,2016,₹ 5.44 Lakh,Third Party insurance,"60,777 Kms",22.38 kmpl,1197 CC,5,Silver,5-Speed,,Bangalore
0,Petrol,Hatchback,Manual,2,Maruti,Maruti Baleno,2016,₹ 7.04 Lakh,Third Party insurance,"39,248 Kms",21.4 kmpl,1197 CC,5,Blue,5 Speed,FWD,Bangalore
0,Diesel,Sedan,Automatic,1,BMW,BMW 5 Series,2014,₹ 19.75 Lakh,Comprehensive,"66,000 Kms",18.12 kmpl,1995 CC,5,Grey,8 Speed,RWD,Bangalore
0,Petrol,Hatchback,Manual,1,Honda,Honda Brio,2015,₹ 3.59 Lakh,Comprehensive,"96,198 Kms",19.4 kmpl,1198 CC,5,White,5 Speed,FWD,Bangalore
0,Petrol,Sedan,Automatic,2,Honda,Honda City,2013,₹ 5.20 Lakh,Third Party insurance,"50,000 Kms",16.8 kmpl,1497 CC,5,Others,5 Speed AT+ Paddle Shifters,FWD,Bangalore
0,Petrol,Hatchback,Manual,3,Maruti,Maruti Wagon R,2015,₹ 3.35 Lakh,Comprehensive,"81,207 Kms",20.51 kmpl,998 CC,5,Brown,5 Speed,FWD,Bangalore
0,Petrol,Hatchback,Manual,1,Maruti,Maruti Swift,2021,₹ 7.66 Lakh,Third Party,"48,148 Kms",22.38 kmpl,1197 CC,5,Silver,5-Speed,,Bangalore
0,Petrol,Hatchback,Manual,1,Maruti,Maruti Celerio,2015,₹ 3.50 Lakh,Third Party insurance,"1,20,000 Kms",23.1 kmpl,998 CC,5,Others,5 Speed ,FWD,Bangalore
0,Diesel,Sedan,Manual,3,Tata,Tata Zest,2018,₹ 4.80 Lakh,Third Party insurance,"90,000 Kms",20.65 kmpl,1248 CC,5,White,5 Speed,FWD,Bangalore
0,Diesel,SUV,Manual,2,Mahindra,Mahindra Thar,2017,₹ 8.22 Lakh,Third Party insurance,"60,000 Kms",18.06 kmpl,2523 CC,7,Others,5 Speed,4WD,Bangalore
0,Petrol,Sedan,Manual,4,Fiat,Fiat Linea,2009,₹ 1.90 Lakh,Third Party insurance,"1,20,000 Kms",16 kmpl,1368 CC,5,Silver,Five Speed Manual,Front Wheel Drive,Bangalore
0,Petrol,Sedan,Automatic,3,Honda,Honda New Accord,2008,₹ 6 Lakh,Third Party insurance,"70,000 Kms",11.7 kmpl,2354 CC,5,Blue,5 Speed,FWD,Bangalore
0,Diesel,SUV,Manual,1,Mahindra,Mahindra XUV300,2022,₹ 9.95 Lakh,Third Party insurance,"30,000 Kms",20.1 kmpl,1497 CC,5,White,6 Speed,,Bangalore
0,Petrol,Hatchback,Manual,3,Maruti,Maruti Omni,2001,₹ 1.20 Lakh,Third Party insurance,"30,000 Kms",14 kmpl,796 CC,5,Blue,4 Speed,Front Wheel Drive,Bangalore
0,Diesel,SUV,Manual,2,Nissan,Nissan Terrano,2013,₹ 5.75 Lakh,Third Party insurance,"1,20,000 Kms",19.01 kmpl,1461 CC,5,Others,6 Speed,FWD,Bangalore
0,Diesel,SUV,Automatic,2,Mercedes-Benz,Mercedes-Benz GLC,2018,₹ 37.95 Lakh,Comprehensive,"64,389 Kms",17.9 kmpl,2143 CC,5,Silver,9 Speed,AWD,Bangalore
0,Petrol,Hatchback,Manual,2,Maruti,Maruti Alto 800,2014,₹ 2.60 Lakh,Third Party insurance,"60,000 Kms",22.74 kmpl,796 CC,5,Others,5 Speed,FWD,Bangalore
0,Petrol,Hatchback,Manual,1,Maruti,Maruti Swift,2015,₹ 5.39 Lakh,Comprehensive,"67,245 Kms",22.38 kmpl,1197 CC,5,Silver,5-Speed,,Bangalore
0,Petrol,Sedan,Automatic,2,Hyundai,Hyundai Verna,2018,₹ 10.06 Lakh,Zero Dep,"30,518 Kms",17 kmpl,1591 CC,5,Silver,6 Speed,FWD,Bangalore
0,Petrol,Sedan,Automatic,1,Mercedes-Benz,Mercedes-Benz A-Class Limousine,2022,₹ 39 Lakh,Third Party insurance,"20,000 Kms",,1332 CC,5,Others,7-Speed DCT,,Bangalore
0,Diesel,Sedan,Manual,1,Maruti,Maruti Ciaz,2018,₹ 7.96 Lakh,Third Party,"1,02,407 Kms",28.09 kmpl,1248 CC,5,White,5 Speed,FWD,Bangalore
0,Petrol,Hatchback,Manual,1,Hyundai,Hyundai i20,2015,₹ 6.36 Lakh,Zero Dep,"53,606 Kms",18.6 kmpl,1197 CC,5,Red,5 Speed,FWD,Bangalore
0,Diesel,SUV,Manual,1,Skoda,Skoda Yeti,2015,₹ 14 Lakh,Third Party insurance,"90,000 Kms",17.67 kmpl,1968 CC,5,Brown,6 Speed,AWD,Bangalore
0,Petrol,Hatchback,Manual,2,Maruti,Maruti Baleno,2016,₹ 6.15 Lakh,Comprehensive,"44,253 Kms",21.4 kmpl,1197 CC,5,Blue,5 Speed,FWD,Bangalore
0,Cng,Minivans,Manual,1,Maruti,Maruti Eeco,2021,₹ 5 Lakh,Third Party insurance,"40,000 Kms",20.88 km/kg,1196 CC,5,Others,5 Speed,,Bangalore
0,Petrol,Hatchback,Manual,1,Tata,Tata Tiago,2021,₹ 7.18 Lakh,Third Party,"34,702 Kms",19.01 kmpl,1199 CC,5,Red,5-Speed,,Bangalore
0,Petrol,Hatchback,Manual,1,Maruti,Maruti Swift,2012,₹ 4.36 Lakh,Third Party,"42,762 Kms",22.38 kmpl,1197 CC,5,Silver,5-Speed,,Bangalore
0,Petrol,Hatchback,Manual,2,Maruti,Maruti Alto K10,2015,₹ 2.80 Lakh,Third Party insurance,"50,000 Kms",23.95 kmpl,998 CC,5,Others,5 Speed,FWD,Bangalore
0,Petrol,MUV,Automatic,1,Renault,Renault Triber,2022,₹ 7.80 Lakh,Third Party insurance,"30,000 Kms",18.2 kmpl,999 CC,7,Others,5 Speed,,Bangalore
0,Diesel,SUV,Automatic,2,Mahindra,Mahindra XUV500,2016,₹ 9 Lakh,Third Party insurance,"80,000 Kms",16 kmpl,1997 CC,7,Others,6 Speed,FWD,Bangalore
0,Cng,MUV,Manual,1,Maruti,Maruti Ertiga,2022,₹ 13 Lakh,Third Party insurance,"20,000 Kms",26.11 kmpl,1462 CC,7,Others,5-Speed,2WD,Bangalore
0,Cng,Sedan,Manual,2,Maruti,Maruti SX4,2014,₹ 3 Lakh,Third Party insurance,"50,000 Kms",22.1 kmpl,1586 CC,5,Gray,5 Speed,FWD,Bangalore
0,Petrol,Sedan,Automatic,1,Jaguar,Jaguar XE,2019,₹ 36.75 Lakh,Comprehensive,"28,000 Kms",13.5 kmpl,1999 CC,5,Black,8 Speed,RWD,Bangalore
0,Petrol,Sedan,Manual,1,Maruti,Maruti Swift Dzire,2020,₹ 6.70 Lakh,Third Party insurance,"40,000 Kms",21.21 kmpl,1197 CC,5,Others,5 Speed,FWD,Bangalore
0,Petrol,Hatchback,Manual,1,Maruti,Maruti Baleno,2020,₹ 9 Lakh,Third Party insurance,"10,000 Kms",21.01 kmpl,1197 CC,5,Others,5 Speed,FWD,Bangalore
0,Petrol,Hatchback,Manual,1,Maruti,Maruti Baleno,2016,₹ 6 Lakh,Third Party insurance,"60,000 Kms",21.4 kmpl,1197 CC,5,Others,5 Speed,FWD,Bangalore
0,Petrol,Hatchback,Manual,4,Chevrolet,Chevrolet Spark,2008,₹ 1.10 Lakh,Third Party insurance,"1,10,000 Kms",18 kmpl,995 CC,5,Silver,5 Speed,FWD,Bangalore
0,Petrol,Hatchback,Manual,1,Hyundai,Hyundai i20,2016,₹ 6.05 Lakh,Third Party insurance,"57,459 Kms",18.6 kmpl,1197 CC,5,Red,5 Speed,FWD,Bangalore
0,Petrol,Hatchback,Manual,1,Hyundai,Hyundai Grand i10,2017,₹ 5.59 Lakh,Zero Dep,"70,381 Kms",18.9 kmpl,1197 CC,5,Red,5 Speed,FWD,Bangalore
0,Diesel,Hatchback,Manual,3,Volkswagen,Volkswagen Polo,2012,₹ 2.68 Lakh,Third Party insurance,"90,000 Kms",22.07 kmpl,1199 CC,5,Black,5 Speed,FWD,Bangalore
0,Petrol,Sedan,Manual,1,Maruti,Maruti Ciaz,2020,₹ 7.80 Lakh,Comprehensive,"80,648 Kms",20.65 kmpl,1462 CC,5,White,5 Speed,FWD,Bangalore
0,Petrol,SUV,Manual,2,Hyundai,Hyundai Creta,2016,₹ 8.64 Lakh,Comprehensive,"81,853 Kms",13 kmpl,1591 CC,5,White,6 Speed,FWD,Bangalore
0,Petrol,Hatchback,Manual,1,Hyundai,Hyundai Santro Xing,2009,₹ 2.40 Lakh,Third Party insurance,"40,000 Kms",17.92 kmpl,1086 CC,5,Others,5 Speed,FWD,Bangalore
0,Petrol,Hatchback,Manual,1,Honda,Honda Brio,2012,₹ 3.41 Lakh,Comprehensive,"90,802 Kms",19.4 kmpl,1198 CC,5,Red,5 Speed,FWD,Bangalore
0,Petrol,Hatchback,Manual,1,Hyundai,Hyundai Santro Xing,2009,₹ 2.40 Lakh,Third Party insurance,"40,000 Kms",17.92 kmpl,1086 CC,5,Others,5 Speed,FWD,Bangalore
0,Petrol,Hatchback,Manual,1,Hyundai,Hyundai Santro,2021,₹ 5.13 Lakh,Zero Dep,"16,502 Kms",20.3 kmpl,1086 CC,5,White,5 Speed,FWD,Bangalore
0,Petrol,Hatchback,Manual,1,Maruti,Maruti Ignis,2021,₹ 6.61 Lakh,Third Party,"31,530 Kms",20.89 kmpl,1197 CC,5,Silver,5 Speed,FWD,Bangalore
0,Diesel,MUV,Manual,2,Maruti,Maruti Ertiga,2017,₹ 8 Lakh,Third Party insurance,"1,20,000 Kms",24.52 kmpl,1248 CC,7,Others,5 Speed,FWD,Bangalore
0,Diesel,Hatchback,Manual,2,Maruti,Maruti Swift,2015,₹ 5.20 Lakh,Third Party insurance,"80,000 Kms",25.2 kmpl,1248 CC,5,Others,5 Speed,FWD,Bangalore
0,Petrol,Sedan,Automatic,1,Honda,Honda City,2014,₹ 6 Lakh,Comprehensive,"71,086 Kms",18 kmpl,1497 CC,5,TITANIUM GREY,5 Speed CVT,FWD,Bangalore
0,Diesel,Hatchback,Manual,2,Maruti,Maruti Ritz,2011,₹ 3 Lakh,Third Party insurance,"1,10,000 Kms",21.1 kmpl,1248 CC,5,Others,5-Speed,FWD,Bangalore
0,Diesel,SUV,Automatic,1,Ford,Ford Endeavour,2020,₹ 37.50 Lakh,Comprehensive,"50,000 Kms",10.91 kmpl,3198 CC,7,Golden,6 Speed,4WD,Bangalore
0,Petrol,Hatchback,Automatic,1,Hyundai,Hyundai i20 N Line,2021,₹ 12.95 Lakh,Comprehensive,"18,000 Kms",20.25 kmpl,998 CC,5,White,7 Speed,,Bangalore
0,Petrol,Sedan,Manual,2,Honda,Honda City,2014,₹ 6.30 Lakh,Third Party insurance,"60,000 Kms",17.4 kmpl,1497 CC,5,Others,5 Speed ,FWD,Bangalore
0,Diesel,MUV,Manual,3,Chevrolet,Chevrolet Tavera,2016,₹ 4.75 Lakh,Third Party insurance,"1,20,000 Kms",13.58 kmpl,2499 CC,10,White,5 Speed,FWD,Bangalore
0,Petrol,Hatchback,Manual,2,Hyundai,Hyundai i10,2011,₹ 2.75 Lakh,Third Party insurance,"70,000 Kms",20.36 kmpl,1197 CC,5,Others,5 Speed,FWD,Bangalore
0,Petrol,Hatchback,Automatic,4,Honda,Honda Jazz,2016,₹ 5.75 Lakh,Comprehensive,"25,000 Kms",19 kmpl,1199 CC,5,Silver,5 Speed,FWD,Bangalore
0,Petrol,Hatchback,Manual,1,Honda,Honda Brio,2012,₹ 3.38 Lakh,Third Party,"69,210 Kms",19.4 kmpl,1198 CC,5,Silver,5 Speed,FWD,Bangalore
0,Petrol,Hatchback,Manual,2,Honda,Honda Jazz,2018,₹ 6.04 Lakh,Comprehensive,"71,165 Kms",18.7 kmpl,1199 CC,5,Red,5 Speed,FWD,Bangalore
0,Petrol,SUV,Automatic,1,BMW,BMW X7,2022,₹ 1.30 Crore,Third Party insurance,"10,000 Kms",10.54 kmpl,2998 CC,7,Others,8-Speed Steptronic,AWD,Bangalore
0,Diesel,Sedan,Manual,3,Maruti,Maruti Swift Dzire,2010,₹ 3.27 Lakh,Third Party insurance,"86,543 Kms",19.3 kmpl,1248 CC,5,Black,5 Speed,2 WD,Bangalore
0,Petrol,Hatchback,Automatic,1,Maruti,Maruti Baleno,2016,₹ 6.21 Lakh,Third Party,"67,225 Kms",21.4 kmpl,1197 CC,5,Others,CVT,FWD,Bangalore
0,Diesel,Hatchback,Manual,3,Tata,Tata Indica V2,2017,₹ 2.40 Lakh,Third Party insurance,"1,00,000 Kms",25 kmpl,1396 CC,5,Silver,5 Speed,FWD,Bangalore
0,Petrol,Hatchback,Manual,1,Hyundai,Hyundai Grand i10,2018,₹ 6.21 Lakh,Zero Dep,"16,247 Kms",18.9 kmpl,1197 CC,5,Silver,5 Speed,FWD,Bangalore
0,Petrol,Sedan,Manual,2,Mahindra Renault,Mahindra Renault Logan,2007,₹ 1.40 Lakh,Third Party insurance,"80,000 Kms",15.7 kmpl,1390 CC,5,Black,5 Speed,,Bangalore
0,Petrol,Hatchback,Automatic,2,Maruti,Maruti Baleno,2017,₹ 7.08 Lakh,Zero Dep,"39,481 Kms",21.4 kmpl,1197 CC,5,White,CVT,FWD,Bangalore
0,Petrol,Hatchback,Manual,2,Maruti,Maruti Celerio,2018,₹ 4.43 Lakh,Third Party,"61,227 Kms",25.24 kmpl,998 CC,5,Blue,5-Speed,,Bangalore
0,Petrol,Sedan,Manual,4,Honda,Honda City,2006,₹ 1.80 Lakh,Third Party insurance,"80,000 Kms",17.7 kmpl,1497 CC,5,Black,5 Speed,,Bangalore
0,Diesel,SUV,Manual,1,Renault,Renault Duster,2016,₹ 7 Lakh,Comprehensive,"1,12,521 Kms",19.01 kmpl,1461 CC,5,Brown,6 Speed,FWD,Bangalore
0,Diesel,SUV,Manual,1,MG,MG Hector,2020,₹ 18 Lakh,Third Party insurance,"20,000 Kms",17.41 kmpl,1956 CC,5,Others,6 Speed,FWD,Bangalore
0,Petrol,Sedan,Automatic,1,Honda,Honda City,2021,₹ 14.50 Lakh,Third Party insurance,"20,000 Kms",18.3 kmpl,1498 CC,5,White,CVT,,Bangalore
0,Petrol,Sedan,Manual,2,Volkswagen,Volkswagen Ameo,2016,₹ 5.20 Lakh,Third Party insurance,"60,000 Kms",17 kmpl,1198 CC,5,Others,5 Speed,FWD,Bangalore
0,Petrol,Hatchback,Manual,2,Tata,Tata Tiago,2018,₹ 4.70 Lakh,Third Party insurance,"40,000 Kms",23.84 kmpl,1199 CC,5,Others,5 Speed,FWD,Bangalore
0,Diesel,SUV,Manual,1,Renault,Renault Duster,2016,₹ 6 Lakh,Third Party insurance,"50,000 Kms",19.64 kmpl,1461 CC,5,Black,6 Speed,FWD,Bangalore
0,Diesel,SUV,Automatic,2,Audi,Audi Q3,2016,₹ 18.50 Lakh,Third Party insurance,"1,00,000 Kms",15.17 kmpl,1968 CC,5,Others,7-Speed S-Tronic,AWD,Bangalore
0,Electric,Hatchback,Automatic,2,Mahindra,Mahindra e2o Plus,2017,₹ 4.60 Lakh,Third Party insurance,"20,000 Kms",140 kmpl,72 CC,4,Blue,Direct Drive,,Bangalore
0,Petrol,Sedan,Manual,2,Opel,OpelCorsa,2003,"₹ 75,000 ",Third Party insurance,"1,10,000 Kms",13.8 kmpl,1589 CC,5,Silver,5 Speed,,Bangalore
0,Petrol,Hatchback,Manual,2,Maruti,Maruti Baleno,2017,₹ 6.49 Lakh,Third Party,"63,359 Kms",21.4 kmpl,1197 CC,5,Blue,5 Speed,FWD,Bangalore
0,Diesel,Hatchback,Manual,2,Hyundai,Hyundai i20,2017,₹ 6.57 Lakh,Zero Dep,"1,25,227 Kms",22.54 kmpl,1396 CC,5,Red,6 Speed,FWD,Bangalore
0,Diesel,Hatchback,Manual,2,Volkswagen,Volkswagen Polo,2012,₹ 4.20 Lakh,Third Party insurance,"1,00,000 Kms",22.07 kmpl,1199 CC,5,Others,5 Speed,FWD,Bangalore
0,Diesel,Hatchback,Manual,2,Maruti,Maruti Swift,2015,₹ 6.29 Lakh,Third Party insurance,"71,884 Kms",25.2 kmpl,1248 CC,5,Silver,5 Speed,FWD,Bangalore
0,Petrol,Hatchback,Manual,2,Honda,Honda Brio,2012,₹ 3.22 Lakh,Third Party insurance,"79,059 Kms",19.4 kmpl,1198 CC,5,Brown,5 Speed,FWD,Bangalore
0,Petrol,Hatchback,Manual,2,Maruti,Maruti Baleno,2016,₹ 6.20 Lakh,Third Party insurance,"80,000 Kms",21.4 kmpl,1197 CC,5,Others,5 Speed,FWD,Bangalore
0,Petrol,Hatchback,Manual,1,Maruti,Maruti Swift,2013,₹ 4.35 Lakh,Third Party,"69,124 Kms",22.38 kmpl,1197 CC,5,Silver,5-Speed,,Bangalore
0,Diesel,MUV,Manual,4,Toyota,Toyota Innova,2012,₹ 9.60 Lakh,Third Party insurance,"1,20,000 Kms",12.99 kmpl,2494 CC,8,Others,5 Speed,FWD,Bangalore
0,Petrol,Hatchback,Manual,1,Maruti,Maruti Ritz,2010,₹ 3.17 Lakh,Comprehensive,"73,340 Kms",18.5 kmpl,1197 CC,5,Blue,5 Speed,FWD,Bangalore
0,Petrol,Hatchback,Manual,2,Hyundai,Hyundai Grand i10,2017,₹ 5.74 Lakh,Comprehensive,"44,268 Kms",18.9 kmpl,1197 CC,5,Silver,5 Speed,FWD,Bangalore
0,Petrol,Hatchback,Manual,1,Citroen,Citroen C3,2022,₹ 7.80 Lakh,Third Party insurance,"10,000 Kms",19.3 kmpl,1198 CC,5,Gray,5 Speed,,Bangalore
0,Petrol,Hatchback,Manual,1,Honda,Honda Jazz,2018,₹ 8 Lakh,Third Party insurance,"60,000 Kms",18.7 kmpl,1199 CC,5,Others,5 Speed,FWD,Bangalore
0,Petrol,Sedan,Manual,1,Honda,Honda City,2020,₹ 9.25 Lakh,Third Party insurance,"30,000 Kms",18.6 kmpl,1498 CC,5,Others,6 Speed,,Bangalore
0,Petrol,Sedan,Manual,1,Maruti,Maruti Ciaz,2017,₹ 7.75 Lakh,Third Party insurance,"50,000 Kms",20.73 kmpl,1373 CC,5,Others,5 Speed,FWD,Bangalore
0,Petrol,Hatchback,Manual,2,Tata,Tata Nano,2011,"₹ 70,000 ",Third Party insurance,"80,000 Kms",26 kmpl,624 CC,4,Other,4 Speed,RWD,Bangalore
0,Diesel,SUV,Manual,2,Renault,Renault Duster,2014,₹ 5 Lakh,Third Party insurance,"70,000 Kms",19.01 kmpl,1461 CC,5,Others,6 Speed,FWD,Bangalore
0,Diesel,Sedan,Manual,2,Maruti,Maruti Swift Dzire,2009,₹ 3.50 Lakh,Third Party insurance,"1,20,000 Kms",19.3 kmpl,1248 CC,5,Others,5 Speed,2 WD,Bangalore
0,Diesel,MUV,Manual,2,Toyota,Toyota Innova,2012,₹ 11.25 Lakh,Third Party insurance,"1,20,000 Kms",12.99 kmpl,2494 CC,7,Others,5 Speed,FWD,Bangalore
0,Petrol,Sedan,Automatic,2,Honda,Honda Amaze,2020,₹ 8.30 Lakh,Third Party insurance,"20,000 Kms",18.3 kmpl,1199 CC,5,Others,CVT,FWD,Bangalore
0,Diesel,SUV,Automatic,1,Kia,Kia Seltos,2020,₹ 14.75 Lakh,Third Party,"37,354 Kms",17.8 kmpl,1493 CC,5,Orange,6-Speed,2WD,Bangalore
0,Diesel,SUV,Manual,2,Mahindra,Mahindra XUV500,2014,₹ 8.34 Lakh,Comprehensive,"80,426 Kms",15.1 kmpl,2179 CC,7,Others,6 Speed ,FWD,Bangalore
0,Petrol,Sedan,Manual,1,Maruti,Maruti Ciaz,2016,₹ 6.74 Lakh,Comprehensive,"89,801 Kms",20.73 kmpl,1373 CC,5,Silver,5 Speed,FWD,Bangalore
0,Petrol,Sedan,Manual,4,Opel,OpelCorsa,2004,"₹ 65,000 ",Third Party insurance,"1,20,000 Kms",14.2 kmpl,1389 CC,5,Black,5 Speed,,Bangalore
0,Petrol,Hatchback,Manual,2,Hyundai,Hyundai Grand i10,2019,₹ 5.47 Lakh,Zero Dep,"69,199 Kms",18.9 kmpl,1197 CC,5,Red,5 Speed,FWD,Bangalore
0,Petrol,Hatchback,Manual,3,Maruti,Maruti Swift,2012,₹ 4.13 Lakh,Third Party insurance,"78,249 Kms",22.38 kmpl,1197 CC,5,Red,5-Speed,,Bangalore
0,Diesel,MUV,Manual,1,Toyota,Toyota Innova Crysta,2018,₹ 23.25 Lakh,Comprehensive,"26,918 Kms",13.68 kmpl,2393 CC,8,Golden,5 Speed,RWD,Bangalore
0,Petrol,Hatchback,Manual,1,Maruti,Maruti Swift,2021,₹ 7.09 Lakh,Zero Dep,"29,905 Kms",22.38 kmpl,1197 CC,5,Others,5-Speed,,Bangalore
0,Diesel,MUV,Automatic,2,Toyota,Toyota Innova Crysta,2018,₹ 22.95 Lakh,Comprehensive,"37,678 Kms",11.36 kmpl,2755 CC,7,White,6 Speed,RWD,Bangalore
0,Petrol,Hatchback,Manual,2,Honda,Honda Jazz,2017,₹ 5.28 Lakh,Comprehensive,"60,442 Kms",18.7 kmpl,1199 CC,5,Brown,5 Speed,FWD,Bangalore
0,Diesel,SUV,Manual,1,Renault,Renault Duster,2014,₹ 6.91 Lakh,Comprehensive,"66,463 Kms",20.45 kmpl,1461 CC,5,Black,5 speed,FWD,Bangalore
0,Petrol,Sedan,Automatic,1,Skoda,Skoda Rapid,2020,₹ 11.45 Lakh,Comprehensive,"40,844 Kms",16.24 kmpl,999 CC,5,Silver,6 Speed,FWD,Bangalore
0,Petrol,Hatchback,Manual,1,Volkswagen,Volkswagen Polo,2021,₹ 8.55 Lakh,Third Party,"62,696 Kms",,999 CC,5,White,6 Speed,FWD,Bangalore
0,Petrol,Hatchback,Automatic,1,Maruti,Maruti Swift,2021,₹ 8 Lakh,Third Party insurance,"30,000 Kms",21.21 kmpl,1197 CC,5,Others,5,FWD,Bangalore
0,Petrol,Sedan,Manual,1,Ford,Ford Aspire,2017,₹ 5.50 Lakh,Comprehensive,"44,000 Kms",18.16 kmpl,1196 CC,5,Grey,5 Speed,FWD,Bangalore
0,Petrol,Hatchback,Manual,2,Hyundai,Hyundai i20,2012,₹ 4 Lakh,Third Party insurance,"70,000 Kms",18.5 kmpl,1197 CC,5,Others,5 Speed,,Bangalore
0,Diesel,Hatchback,Manual,1,Tata,Tata Indica V2,2012,₹ 1.30 Lakh,Third Party insurance,"1,20,000 Kms",25 kmpl,1396 CC,5,Silver,5 Speed,FWD,Bangalore
0,Diesel,Sedan,Manual,4,Hyundai,Hyundai Verna,2012,₹ 3.75 Lakh,Third Party insurance,"1,20,000 Kms",22.32 kmpl,1582 CC,5,Black,6 Speed ,FWD,Bangalore
0,Petrol,Sedan,Manual,1,Maruti,Maruti Swift Dzire,2020,₹ 6.50 Lakh,Third Party insurance,"40,000 Kms",21.21 kmpl,1197 CC,5,Others,5 Speed,FWD,Bangalore
0,Petrol,SUV,Automatic,1,Jeep,Jeep Compass,2021,₹ 25.50 Lakh,Third Party insurance,"10,000 Kms",14.1 kmpl,1368 CC,5,Others,7 Speed DCT,4x2,Bangalore
0,Diesel,SUV,Manual,1,Kia,Kia Sonet,2021,₹ 13 Lakh,Third Party insurance,"80,000 Kms",,1493 CC,5,Others,6-Speed,FWD,Bangalore
0,Petrol,Hatchback,Manual,1,Maruti,Maruti Baleno,2016,₹ 6.09 Lakh,Zero Dep,"79,415 Kms",21.4 kmpl,1197 CC,5,Blue,5 Speed,FWD,Bangalore
0,Diesel,Sedan,Automatic,1,Maruti,Maruti Swift Dzire,2017,₹ 6.78 Lakh,Zero Dep,"88,411 Kms",26.59 kmpl,1248 CC,5,Red,5 Speed,FWD,Bangalore
0,Diesel,Sedan,Manual,4,Volkswagen,Volkswagen Vento,2011,₹ 3.75 Lakh,Third Party insurance,"1,20,000 Kms",20.54 kmpl,1598 CC,5,Others,5 Speed,FWD,Bangalore
0,Diesel,Hatchback,Manual,1,Maruti,Maruti Swift,2012,₹ 4.49 Lakh,Third Party,"1,06,516 Kms",22.9 kmpl,1248 CC,5,Others,5 Speed,FWD,Bangalore
0,Diesel,Hatchback,Manual,2,Maruti,Maruti Swift,2015,₹ 5.52 Lakh,Comprehensive,"88,509 Kms",25.2 kmpl,1248 CC,5,Red,5 Speed,FWD,Bangalore
0,Diesel,SUV,Manual,1,Mahindra,Mahindra XUV500,2015,₹ 9.25 Lakh,Third Party insurance,"1,20,000 Kms",15.1 kmpl,1997 CC,7,Silver,6 Speed,FWD,Bangalore
0,Petrol,Sedan,Manual,2,Ford,Ford Ikon,2004,"₹ 56,000 ",Third Party insurance,"80,000 Kms",14.2 kmpl,1597 CC,5,Silver,5 Speed,FWD,Bangalore
0,Petrol,Hatchback,Manual,1,Maruti,Maruti Swift,2013,₹ 4.26 Lakh,Comprehensive,"44,437 Kms",22.38 kmpl,1197 CC,5,Others,5-Speed,,Bangalore
0,Diesel,Hatchback,Manual,2,Hyundai,Hyundai i20,2015,₹ 6.07 Lakh,Third Party insurance,"83,731 Kms",22.54 kmpl,1396 CC,5,Others,6 Speed,FWD,Bangalore
0,Petrol,Sedan,Manual,2,Ford,Ford Ikon,2004,"₹ 56,000 ",Third Party insurance,"80,000 Kms",14.2 kmpl,1597 CC,5,Silver,5 Speed,FWD,Bangalore
0,Diesel,SUV,Manual,1,Mahindra,Mahindra Bolero Power Plus,2018,₹ 8.45 Lakh,Comprehensive,"77,000 Kms",16.5 kmpl,1493 CC,7,White,5 Speed,RWD,Bangalore
0,Petrol,SUV,Automatic,2,MG,MG Hector,2020,₹ 16.50 Lakh,Comprehensive,"23,000 Kms",,1451 CC,5,Black,6-Speed DCT,FWD,Bangalore
0,Diesel,Hatchback,Manual,3,Ford,Ford Figo,2012,₹ 2.40 Lakh,Third Party insurance,"1,10,000 Kms",20 kmpl,1399 CC,5,Others,5 Speed,FWD,Bangalore
0,Petrol,Hatchback,Automatic,1,Maruti,Maruti Wagon R,2022,₹ 6.80 Lakh,Third Party insurance,"30,000 Kms",20.52 kmpl,1197 CC,5,Others,5 Speed,FWD,Bangalore
0,Diesel,MUV,Manual,2,Toyota,Toyota Innova,2006,₹ 5 Lakh,Third Party insurance,"1,20,000 Kms",12.8 kmpl,2494 CC,7,Others,5 Speed,,Bangalore
0,Petrol,Sedan,Manual,2,Tata,Tata Manza,2011,₹ 2.50 Lakh,Third Party insurance,"60,000 Kms",13.7 kmpl,1368 CC,5,Others,5 Speed,FWD,Bangalore
0,Petrol,Hatchback,Manual,1,Maruti,Maruti Baleno,2018,₹ 7.20 Lakh,Third Party insurance,"80,000 Kms",21.4 kmpl,1197 CC,5,Others,5 Speed,FWD,Bangalore
0,Petrol,Hatchback,Manual,4,Tata,Tata Nano,2011,"₹ 60,000 ",Third Party insurance,"1,10,000 Kms",26 kmpl,624 CC,4,Others,4 Speed,RWD,Bangalore
0,Petrol,Sedan,Automatic,5,Skoda,Skoda Superb,2010,₹ 3.57 Lakh,Third Party insurance,"70,000 Kms",12.6 kmpl,1798 CC,5,Others,7 Speed,FWD,Bangalore
0,Petrol,Sedan,Manual,1,Maruti,Maruti Ciaz,2018,₹ 7.98 Lakh,Third Party insurance,"45,621 Kms",21.56 kmpl,1462 CC,5,Silver,5 Speed,FWD,Bangalore
0,Diesel,SUV,Manual,2,Renault,Renault Captur,2018,₹ 8.58 Lakh,Zero Dep,"38,199 Kms",20.37 kmpl,1461 CC,5,Brown,6 Speed,,Bangalore
0,Petrol,Sedan,Manual,3,Maruti,Maruti Esteem,2004,"₹ 80,000 ",Third Party insurance,"90,000 Kms",15.9 kmpl,1298 CC,5,Silver,,,Bangalore
0,Petrol,Hatchback,Manual,1,Hyundai,Hyundai i20,2016,₹ 6.08 Lakh,Zero Dep,"91,660 Kms",18.6 kmpl,1197 CC,5,White,5 Speed,FWD,Bangalore
0,Petrol,Sedan,Manual,2,Honda,Honda City,2015,₹ 6.98 Lakh,Comprehensive,"51,947 Kms",17.4 kmpl,1497 CC,5,White,5 Speed ,FWD,Bangalore
0,Diesel,MUV,Manual,2,Tata,Tata Hexa,2018,₹ 12.50 Lakh,Third Party insurance,"80,000 Kms",17.6 kmpl,2179 CC,7,Others,6 Speed,AWD,Bangalore
0,Diesel,SUV,Manual,2,Maruti,Maruti SX4 S Cross,2016,₹ 7.51 Lakh,Third Party insurance,"76,836 Kms",23.65 kmpl,1248 CC,5,Silver,5 Speed,FWD,Bangalore
0,Petrol,Hatchback,Automatic,2,Honda,Honda Brio,2015,₹ 5.35 Lakh,Comprehensive,"27,000 Kms",16.5 kmpl,1198 CC,5,White,5 Speed,FWD,Bangalore
0,Petrol,Sedan,Automatic,1,Hyundai,Hyundai Verna,2017,₹ 10.35 Lakh,Zero Dep,"33,222 Kms",17 kmpl,1591 CC,5,Red,6 Speed,FWD,Bangalore
0,Petrol,Hatchback,Manual,1,Hyundai,Hyundai i10,2013,₹ 3.28 Lakh,Comprehensive,"47,333 Kms",19.81 kmpl,1086 CC,5,Red,5 Speed,FWD,Bangalore
0,Petrol,Hatchback,Automatic,1,Hyundai,Hyundai Grand i10 Nios,2021,₹ 7.25 Lakh,Third Party insurance,"20,000 Kms",20.7 kmpl,1197 CC,5,Others,5-Speed,,Bangalore
0,Petrol,Sedan,Manual,1,Hyundai,Hyundai Verna,2017,₹ 7.40 Lakh,Comprehensive,"46,000 Kms",17.01 kmpl,1591 CC,5,Maroon,5 Speed,FWD,Bangalore
0,Diesel,MUV,Manual,1,Toyota,Toyota Innova,2012,₹ 8.75 Lakh,Third Party insurance,"68,000 Kms",12.99 kmpl,2494 CC,7,Silver,5 Speed,RWD,Bangalore
0,Petrol,Hatchback,Manual,2,Nissan,Nissan Micra Active,2015,₹ 4.80 Lakh,Third Party insurance,"40,000 Kms",19.69 kmpl,1198 CC,5,Green,5 Speed,FWD,Bangalore
0,Diesel,Sedan,Manual,2,Mitsubishi,Mitsubishi Lancer,2001,"₹ 76,000 ",Third Party insurance,"90,000 Kms",14.8 kmpl,1998 CC,5,Silver,5 Speed,FWD,Bangalore
0,Petrol,Sedan,Manual,1,Ford,Ford Fiesta,2010,₹ 1.90 Lakh,Third Party insurance,"80,000 Kms",15.3 kmpl,1596 CC,5,Black,5 Speed,FWD,Bangalore
0,Petrol,Hatchback,Manual,4,Hyundai,Hyundai i10,2010,₹ 2.10 Lakh,Third Party insurance,"90,000 Kms",19.81 kmpl,1086 CC,5,Others,5 Speed,FWD,Bangalore
0,Diesel,Hatchback,Manual,1,Maruti,Maruti Swift,2014,₹ 4.80 Lakh,Third Party insurance,"80,000 Kms",25.2 kmpl,1248 CC,5,Others,5 Speed,FWD,Bangalore
0,Diesel,Sedan,Manual,2,Hyundai,Hyundai Verna,2012,₹ 3.80 Lakh,Third Party insurance,"1,50,000 Kms",22.32 kmpl,1582 CC,5,Others,4 Speed,FWD,Bangalore
0,Petrol,SUV,Manual,1,Tata,Tata Nexon,2022,₹ 12.80 Lakh,Third Party insurance,"20,000 Kms",17.57 kmpl,1199 CC,5,Others,6-Speed,,Bangalore
0,Petrol,SUV,Automatic,1,Ford,Ford Ecosport,2016,₹ 7.70 Lakh,Comprehensive,"43,791 Kms",15.63 kmpl,1499 CC,5,Black,6 Speed,FWD,Bangalore
0,Petrol,Hatchback,Automatic,1,Maruti,Maruti Swift,2018,₹ 5.99 Lakh,Third Party insurance,"87,660 Kms",22.56 kmpl,1197 CC,5,Red,5-Speed,,Bangalore
0,Diesel,SUV,Automatic,5,Mahindra,Mahindra XUV500,2016,₹ 8 Lakh,Third Party insurance,"90,000 Kms",16 kmpl,2179 CC,7,Others,6 Speed ,AWD,Bangalore
0,Petrol,Hatchback,Manual,3,Hyundai,Hyundai Santro Xing,2011,₹ 2.32 Lakh,Comprehensive,"71,938 Kms",17.92 kmpl,1086 CC,5,Others,5 Speed,FWD,Bangalore
0,Petrol,Sedan,Manual,2,Hyundai,Hyundai Verna,2013,₹ 5.25 Lakh,Comprehensive,"1,04,938 Kms",17.01 kmpl,1591 CC,5,Silver,5 Speed,FWD,Bangalore
0,Petrol,Sedan,Manual,1,Honda,Honda City,2020,₹ 9.50 Lakh,Third Party insurance,"30,000 Kms",17.4 kmpl,1497 CC,5,Others,5 Speed,,Bangalore
0,Petrol,Sedan,Manual,2,Skoda,Skoda Rapid,2017,₹ 6.35 Lakh,Third Party insurance,"1,24,707 Kms",15.41 kmpl,1598 CC,5,White,5 Speed,FWD,Bangalore
0,Diesel,Hatchback,Manual,2,Volkswagen,Volkswagen Polo,2012,₹ 4 Lakh,Third Party insurance,"70,000 Kms",22.07 kmpl,1199 CC,5,Others,5 Speed,FWD,Bangalore
0,Petrol,SUV,Manual,1,Hyundai,Hyundai Creta,2017,₹ 9.66 Lakh,Comprehensive,"88,556 Kms",13 kmpl,1591 CC,5,Silver,6 Speed,FWD,Bangalore
0,Diesel,SUV,Manual,1,Ford,Ford Ecosport,2017,₹ 7.81 Lakh,Comprehensive,"48,743 Kms",22.77 kmpl,1498 CC,5,Orange,5 Speed,FWD,Bangalore
0,Diesel,SUV,Automatic,2,BMW,BMW X3,2016,₹ 28 Lakh,Third Party insurance,"1,00,000 Kms",18.56 kmpl,1995 CC,5,Others,8 Speed,4WD,Bangalore
0,Petrol,Sedan,Manual,2,Skoda,Skoda Superb,2012,₹ 3.85 Lakh,Third Party insurance,"1,00,000 Kms",13.7 kmpl,1798 CC,5,Others,7 Speed,FWD,Bangalore
0,Diesel,SUV,Manual,4,Mahindra,Mahindra XUV500,2012,₹ 6 Lakh,Third Party insurance,"1,20,000 Kms",15.1 kmpl,2179 CC,7,Others,6 Speed,FWD,Bangalore
0,Diesel,SUV,Manual,2,Mahindra,Mahindra TUV 300,2016,₹ 6 Lakh,Third Party insurance,"70,000 Kms",18.49 kmpl,1493 CC,7,Others,5 Speed,RWD,Bangalore
0,Petrol,Sedan,Manual,2,Skoda,Skoda Superb,2012,₹ 3.65 Lakh,Third Party insurance,"90,000 Kms",13.7 kmpl,1798 CC,5,Others,7 Speed,FWD,Bangalore
0,Diesel,Pickup Trucks,Manual,1,Mahindra,Mahindra Bolero Camper,2019,₹ 7.49 Lakh,Third Party insurance,"70,000 Kms",,2523 CC,5,Others,5-Speed,2WD,Bangalore
0,Diesel,Hatchback,Manual,1,Fiat,Fiat Punto,2014,₹ 3.50 Lakh,Third Party insurance,"1,20,000 Kms",20.3 kmpl,1248 CC,5,Others,5-Speed,FWD,Bangalore
0,Petrol,SUV,Automatic,1,Hyundai,Hyundai Alcazar,2022,₹ 23.50 Lakh,Third Party insurance,"20,000 Kms",14.2 kmpl,1999 CC,6,Gray,6-speed,,Bangalore
0,Petrol,Hatchback,Manual,1,Hyundai,Hyundai i20,2020,₹ 7 Lakh,Third Party insurance,"20,000 Kms",18.6 kmpl,1197 CC,5,Others,5 Speed,FWD,Bangalore
0,Petrol,Hatchback,Manual,2,Hyundai,Hyundai EON,2012,₹ 2.30 Lakh,Third Party insurance,"50,000 Kms",21.1 kmpl,814 CC,5,Others,5 Speed,FWD,Bangalore
0,Petrol,SUV,Manual,1,Honda,Honda WR-V,2018,₹ 8.75 Lakh,Comprehensive,"51,338 Kms",17.5 kmpl,1199 CC,5,Red,5 Speed,FWD,Bangalore
0,Petrol,SUV,Manual,1,Hyundai,Hyundai Creta,2017,₹ 9.25 Lakh,Comprehensive,"97,334 Kms",15.29 kmpl,1591 CC,5,Silver,6 Speed,FWD,Bangalore
0,Petrol,Hatchback,Manual,1,Hyundai,Hyundai i20,2020,₹ 7 Lakh,Third Party insurance,"20,000 Kms",18.6 kmpl,1197 CC,5,Others,5 Speed,FWD,Bangalore
0,Petrol,SUV,Manual,2,Hyundai,Hyundai Creta,2016,₹ 9.30 Lakh,Comprehensive,"53,031 Kms",13 kmpl,1591 CC,5,Red,6 Speed,FWD,Bangalore
0,Petrol,SUV,Manual,2,Hyundai,Hyundai Creta,2016,₹ 8.98 Lakh,Comprehensive,"51,580 Kms",13 kmpl,1591 CC,5,Red,6 Speed,FWD,Bangalore
0,Diesel,Sedan,Automatic,2,Mercedes-Benz,Mercedes-Benz CLA,2017,₹ 23.95 Lakh,Comprehensive,"57,000 Kms",17.9 kmpl,2143 CC,5,Red,7 Speed,FWD,Bangalore
0,Petrol,Hatchback,Manual,1,Maruti,Maruti S-Presso,2020,₹ 4.49 Lakh,Third Party insurance,"23,920 Kms",21.7 kmpl,998 CC,5,Red,5 Speed,FWD,Bangalore
0,Diesel,SUV,Automatic,1,Hyundai,Hyundai Creta,2018,₹ 14.85 Lakh,Comprehensive,"65,000 Kms",17.01 kmpl,1582 CC,5,White,6 Speed,FWD,Bangalore
0,Petrol,Hatchback,Manual,2,Honda,Honda Brio,2012,₹ 3.35 Lakh,Comprehensive,"66,434 Kms",19.4 kmpl,1198 CC,5,Others,5 Speed,FWD,Bangalore
0,Petrol,SUV,Manual,1,Honda,Honda WR-V,2017,₹ 8.25 Lakh,Comprehensive,"54,097 Kms",17.5 kmpl,1199 CC,5,White,5 Speed,FWD,Bangalore
0,Petrol,Hatchback,Automatic,1,Toyota,Toyota Glanza,2021,₹ 9.35 Lakh,Third Party,"27,655 Kms",19.56 kmpl,1197 CC,5,White,5-Speed,FWD,Bangalore
0,Diesel,Sedan,Automatic,1,BMW,BMW 3 Series GT,2018,₹ 38.25 Lakh,Third Party insurance,"14,955 Kms",21.76 kmpl,1995 CC,5,Blue,8 Speed,RWD,Bangalore
0,Petrol,SUV,Automatic,1,Hyundai,Hyundai Alcazar,2022,₹ 23.50 Lakh,Third Party insurance,"10,000 Kms",14.2 kmpl,1999 CC,7,Gray,6-speed,,Bangalore
0,Petrol,SUV,Automatic,1,Volkswagen,Volkswagen T-Roc,2020,₹ 25 Lakh,Third Party insurance,"50,000 Kms",18.4 kmpl,1498 CC,5,Black,7 Speed DSG,FWD,Bangalore
0,Petrol,SUV,Manual,1,Kia,Kia Seltos,2022,₹ 15.40 Lakh,Third Party insurance,"10,000 Kms",16.8 kmpl,1497 CC,5,Others,6-Speed iMT,FWD,Bangalore
0,Diesel,SUV,Automatic,2,Hyundai,Hyundai Creta,2019,₹ 12.90 Lakh,Third Party insurance,"70,000 Kms",17.6 kmpl,1582 CC,5,Others,6 Speed,FWD,Bangalore
0,Diesel,Sedan,Manual,3,Hyundai,Hyundai Elantra,2007,"₹ 50,000 ",Third Party insurance,"1,50,000 Kms",14.9 kmpl,1991 CC,5,Gray,5 Speed,FWD,Bangalore
0,Petrol,SUV,Manual,2,Kia,Kia Sonet,2021,₹ 10.25 Lakh,Third Party insurance,"10,000 Kms",18.2 kmpl,998 CC,5,White,6-Speed iMT,FWD,Bangalore
0,Diesel,Sedan,Manual,3,Honda,Honda City,2016,₹ 6 Lakh,Third Party insurance,"1,10,000 Kms",26 kmpl,1498 CC,5,Others,6 Speed,FWD,Bangalore
0,Petrol,Minivans,Manual,1,Maruti,Maruti Eeco,2020,₹ 4.35 Lakh,Third Party insurance,"30,000 Kms",16.11 kmpl,1196 CC,7,Others,5 Speed,,Bangalore
0,Petrol,SUV,Manual,2,Honda,Honda WR-V,2017,₹ 8.08 Lakh,Third Party insurance,"14,338 Kms",17.5 kmpl,1199 CC,5,Brown,5 Speed,FWD,Bangalore
0,Petrol,Minivans,Manual,1,Maruti,Maruti Eeco,2020,₹ 4.35 Lakh,Third Party insurance,"30,000 Kms",16.11 kmpl,1196 CC,7,Others,5 Speed,,Bangalore
0,Petrol,Hatchback,Manual,2,Maruti,Maruti Wagon R,2011,₹ 2.78 Lakh,Comprehensive,"73,799 Kms",18.9 kmpl,998 CC,5,Blue,5 Speed,FWD,Bangalore
0,Petrol,SUV,Automatic,1,Mahindra,Mahindra XUV300,2021,₹ 12.61 Lakh,Comprehensive,"39,139 Kms",16.5 kmpl,1197 CC,5,White,6 Speed,,Bangalore
0,Petrol,SUV,Manual,1,Hyundai,Hyundai Venue,2020,₹ 8.50 Lakh,Third Party insurance,"20,000 Kms",17.52 kmpl,1197 CC,5,Gray,5-Speed,FWD,Bangalore
0,Petrol,Hatchback,Manual,2,Hyundai,Hyundai EON,2014,₹ 2.70 Lakh,Third Party,"89,633 Kms",21.1 kmpl,814 CC,5,White,5 Speed,FWD,Bangalore
0,Diesel,SUV,Automatic,3,BMW,BMW X1,2011,₹ 10 Lakh,Third Party insurance,"70,000 Kms",17.05 kmpl,1995 CC,5,Others,8-Speed ,RWD,Bangalore
0,Petrol,MUV,Manual,2,Maruti,Maruti Ertiga,2017,₹ 8.45 Lakh,Comprehensive,"16,826 Kms",20.51 kmpl,1462 CC,7,Silver,5-Speed,2WD,Bangalore
0,Petrol,Hatchback,Manual,2,Maruti,Maruti Ignis,2017,₹ 5.08 Lakh,Third Party insurance,"25,133 Kms",20.89 kmpl,1197 CC,5,White,5 Speed,FWD,Bangalore
0,Petrol,Hatchback,Manual,1,Maruti,Maruti Alto 800,2018,₹ 3.40 Lakh,Third Party insurance,"80,000 Kms",24.7 kmpl,796 CC,5,Others,5 Speed,FWD,Bangalore
0,Petrol,SUV,Automatic,1,Volvo,Volvo XC40,2020,₹ 39 Lakh,Comprehensive,"25,000 Kms",,1969 CC,5,Red,8 Speed,FWD,Bangalore
0,Diesel,MUV,Manual,1,Toyota,Toyota Innova,2014,₹ 12.25 Lakh,Third Party insurance,"90,000 Kms",12.99 kmpl,2494 CC,8,Others,5 Speed,RWD,Bangalore
0,Diesel,MUV,Manual,1,Toyota,Toyota Innova,2014,₹ 12.75 Lakh,Third Party insurance,"90,000 Kms",12.99 kmpl,2494 CC,8,Others,5 Speed,RWD,Bangalore
0,Petrol,SUV,Automatic,1,Jeep,Jeep Compass,2022,₹ 29 Lakh,Third Party insurance,"10,000 Kms",14.1 kmpl,1368 CC,5,Others,7 Speed DCT,4x2,Bangalore
0,Petrol,SUV,Manual,2,Mahindra,Mahindra XUV300,2019,₹ 8 Lakh,Third Party insurance,"70,000 Kms",17 kmpl,1197 CC,5,Others,6 Speed,FWD,Bangalore
0,Diesel,Sedan,Automatic,1,Mercedes-Benz,Mercedes-Benz E-Class,2016,₹ 28 Lakh,Third Party insurance,"1,10,000 Kms",13 kmpl,2143 CC,5,Others,7 Speed,RWD,Bangalore
0,Petrol,Hatchback,Manual,2,Hyundai,Hyundai Santro Xing,2006,₹ 1.50 Lakh,Third Party insurance,"20,000 Kms",,1086 CC,5,Others,,,Bangalore
0,Petrol,SUV,Manual,1,Nissan,Nissan Magnite,2021,₹ 6.38 Lakh,Third Party insurance,"10,000 Kms",18.75 kmpl,999 CC,5,Brown,5 Speed,,Bangalore
0,Petrol,Hatchback,Manual,2,Datsun,Datsun RediGO,2019,₹ 3.15 Lakh,Third Party insurance,"20,000 Kms",22.7 kmpl,799 CC,5,Others,5-Speed,2WD,Bangalore
0,Diesel,SUV,Manual,1,Kia,Kia Sonet,2020,₹ 13.28 Lakh,Comprehensive,"34,990 Kms",,1493 CC,5,Black,6-Speed,FWD,Bangalore
0,Petrol,Hatchback,Automatic,1,Maruti,Maruti Celerio,2016,₹ 4.90 Lakh,Comprehensive,"33,210 Kms",23.1 kmpl,998 CC,5,White,5 Speed ,FWD,Bangalore
0,Diesel,Sedan,Manual,2,Hyundai,Hyundai Verna,2020,₹ 10.50 Lakh,Third Party insurance,"80,000 Kms",22 kmpl,1582 CC,5,Others,6 Speed,FWD,Bangalore
0,Petrol,Hatchback,Automatic,2,Maruti,Maruti Celerio,2015,₹ 4.30 Lakh,Comprehensive,"28,051 Kms",26.68 kmpl,998 CC,5,Blue,5-Speed,,Bangalore
0,Petrol,MUV,Automatic,1,Kia,Kia Carens,2022,₹ 17.24 Lakh,Comprehensive,"22,280 Kms",16.5 kmpl,1353 CC,6,Black,7-Speed DCT,2WD,Bangalore
0,Diesel,Hatchback,Manual,2,Maruti,Maruti Swift,2007,₹ 2.70 Lakh,Third Party insurance,"1,20,000 Kms",17.8 kmpl,1248 CC,5,Others,,,Bangalore
0,Petrol,Hatchback,Manual,1,Hyundai,Hyundai Grand i10,2017,₹ 5.17 Lakh,Comprehensive,"21,193 Kms",18.9 kmpl,1197 CC,5,Blue,5 Speed,FWD,Bangalore
0,Petrol,Sedan,Automatic,2,Skoda,Skoda Superb,2010,₹ 4 Lakh,Third Party insurance,"1,20,000 Kms",12 kmpl,3597 CC,5,Red,6 Speed,4WD,Bangalore
0,Petrol,Hatchback,Manual,1,Hyundai,Hyundai Grand i10 Nios,2021,₹ 6.27 Lakh,Third Party,"7,150 Kms",20.7 kmpl,1197 CC,5,White,5-Speed,,Bangalore
0,Petrol,Hatchback,Manual,1,Tata,Tata Tiago,2016,₹ 5.10 Lakh,Third Party,"13,262 Kms",23.84 kmpl,1199 CC,5,Orange,5 Speed,FWD,Bangalore
0,Diesel,Sedan,Manual,3,Chevrolet,Chevrolet Cruze,2012,₹ 2.50 Lakh,Third Party insurance,"1,00,000 Kms",17.3 kmpl,1998 CC,5,Others,6 Speed,FWD,Bangalore
0,Diesel,SUV,Automatic,4,BMW,BMW X3,2012,₹ 16 Lakh,Third Party insurance,"1,00,000 Kms",16.09 kmpl,1995 CC,5,Others,8 Speed,4WD,Bangalore
0,Petrol,Hatchback,Manual,2,Maruti,Maruti Baleno,2016,₹ 5.75 Lakh,Third Party insurance,"1,00,000 Kms",21.4 kmpl,1197 CC,5,Others,5 Speed,FWD,Bangalore
0,Diesel,MUV,Manual,1,Chevrolet,Chevrolet Enjoy,2014,₹ 4.10 Lakh,Third Party insurance,"90,000 Kms",18.2 kmpl,1248 CC,7,Others,5 Speed,FWD,Bangalore
0,Petrol,SUV,Automatic,2,Tata,Tata Nexon,2018,₹ 9.25 Lakh,Third Party insurance,"40,000 Kms",17 kmpl,1198 CC,5,Others,6 Speed,FWD,Bangalore
0,Diesel,Hatchback,Manual,2,Hyundai,Hyundai i20,2013,₹ 4.75 Lakh,Third Party insurance,"50,000 Kms",21.9 kmpl,1396 CC,5,Others,6 Speed,FWD,Bangalore
0,Petrol,Hatchback,Manual,3,Tata,Tata Nano,2015,₹ 1.85 Lakh,Third Party insurance,"50,000 Kms",25.4 kmpl,624 CC,4,Violet,4 Speed,RWD,Bangalore
0,Petrol,Hatchback,Manual,3,Hyundai,Hyundai Santro Xing,2008,₹ 2.25 Lakh,Third Party insurance,"50,000 Kms",17.92 kmpl,1086 CC,5,Red,5 Speed,FWD,Bangalore
0,Petrol,SUV,Automatic,1,Volkswagen,Volkswagen Tiguan Allspace,2021,₹ 32.75 Lakh,Comprehensive,"21,000 Kms",17.01 kmpl,1984 CC,7,Blue,7 Speed DSG,,Bangalore
0,Diesel,SUV,Automatic,1,Volvo,Volvo XC40,2019,₹ 37.50 Lakh,Comprehensive,"38,000 Kms",18 kmpl,1969 CC,5,Red,8 Speed,AWD,Bangalore
0,Petrol,MUV,Manual,1,Renault,Renault Triber,2019,₹ 5.14 Lakh,Third Party,"61,902 Kms",20 kmpl,999 CC,7,Orange,5-Speed,FWD,Bangalore
0,Petrol,Hatchback,Automatic,1,Datsun,Datsun RediGO,2018,₹ 3.47 Lakh,Comprehensive,"38,396 Kms",23 kmpl,999 CC,5,White,5-Speed,2WD,Bangalore
0,Petrol,Sedan,Manual,3,Honda,Honda City,2004,₹ 1 Lakh,Third Party insurance,"30,000 Kms",12.8 kmpl,1493 CC,5,Silver,,,Bangalore
0,Petrol,SUV,Manual,1,Kia,Kia Sonet,2022,₹ 13.29 Lakh,Comprehensive,"7,561 Kms",18.2 kmpl,998 CC,5,White,6-Speed iMT,FWD,Bangalore
0,Petrol,Hatchback,Manual,1,Hyundai,Hyundai EON,2017,₹ 3 Lakh,Third Party insurance,"30,000 Kms",21.1 kmpl,814 CC,5,Others,5 Speed,FWD,Bangalore
0,Petrol,Sedan,Manual,1,Skoda,Skoda Slavia,2022,₹ 13.58 Lakh,Third Party,"6,731 Kms",19.47 kmpl,999 CC,5,Black,6-Speed,FWD,Bangalore
0,Petrol,SUV,Manual,1,Jeep,Jeep Compass,2019,₹ 15 Lakh,Third Party insurance,"20,000 Kms",16 kmpl,1368 CC,5,Gray,6 Speed,4X2,Bangalore
0,Petrol,Hatchback,Automatic,1,Maruti,Maruti Swift,2018,₹ 6.42 Lakh,Third Party,"55,567 Kms",21.21 kmpl,1197 CC,5,Silver,5,FWD,Bangalore
0,Petrol,SUV,Automatic,2,Renault,Renault Kiger,2021,₹ 9.11 Lakh,Third Party insurance,"48,938 Kms",18.24 kmpl,999 CC,5,Silver,CVT,,Bangalore
0,Diesel,Hatchback,Manual,2,Maruti,Maruti Swift,2017,₹ 5.50 Lakh,Third Party insurance,"80,000 Kms",28.4 kmpl,1248 CC,5,Others,5,,Bangalore
0,Diesel,SUV,Manual,1,Renault,Renault Duster,2013,₹ 4.20 Lakh,Third Party insurance,"80,000 Kms",19.01 kmpl,1461 CC,5,Others,6 Speed,FWD,Bangalore
0,Petrol,Hatchback,Manual,1,Ford,Ford Figo,2010,₹ 4.50 Lakh,Third Party insurance,"10,000 Kms",15.6 kmpl,1196 CC,5,Others,5 Speed,Front Wheel Drive,Bangalore
0,Petrol,SUV,Manual,1,Kia,Kia Seltos,2022,₹ 15.65 Lakh,Third Party insurance,"10,000 Kms",16.8 kmpl,1497 CC,5,Others,6-Speed iMT,FWD,Bangalore
0,Petrol,Hatchback,Manual,2,Tata,Tata Tiago,2016,₹ 4.50 Lakh,Third Party insurance,"60,000 Kms",23.84 kmpl,1199 CC,5,Others,5 Speed,FWD,Bangalore
0,Petrol,Sedan,Automatic,1,Ford,Ford Aspire,2015,₹ 4.60 Lakh,Comprehensive,"71,545 Kms",17.01 kmpl,1499 CC,5,White,6 Speed,FWD,Bangalore
0,Petrol,Hatchback,Manual,1,Hyundai,Hyundai Santro Xing,2007,₹ 2 Lakh,Third Party insurance,"60,000 Kms",,1086 CC,5,Silver,,,Bangalore
0,Diesel,SUV,Automatic,2,Mahindra,Mahindra TUV 300,2016,₹ 6.79 Lakh,Third Party insurance,"80,000 Kms",18.49 kmpl,1493 CC,7,Others,5 Speed,RWD,Bangalore
0,Cng,Minivans,Manual,5,Maruti,Maruti Omni,2015,₹ 2.30 Lakh,Third Party insurance,"1,20,000 Kms",10.9 kmpl,796 CC,8,White,4 Speed,RWD,Bangalore
0,Petrol,SUV,Manual,1,Kia,Kia Seltos,2020,₹ 12 Lakh,Third Party insurance,"60,000 Kms",16.8 kmpl,1497 CC,5,Others,6-Speed,FWD,Bangalore
0,Petrol,Hatchback,Automatic,1,Hyundai,Hyundai Grand i10,2016,₹ 5.43 Lakh,Comprehensive,"56,577 Kms",18.9 kmpl,1197 CC,5,Blue,4 Speed,FWD,Bangalore
0,Petrol,SUV,Automatic,2,Hyundai,Hyundai Creta,2018,₹ 10.35 Lakh,Comprehensive,"56,974 Kms",13 kmpl,1591 CC,5,White,6 Speed,FWD,Bangalore
0,Petrol,SUV,Manual,1,Hyundai,Hyundai Venue,2021,₹ 11.50 Lakh,Third Party insurance,"10,000 Kms",18 kmpl,998 CC,5,Others,iMT,FWD,Bangalore
0,Petrol,Hatchback,Manual,1,Hyundai,Hyundai i20,2013,₹ 4.79 Lakh,Comprehensive,"40,344 Kms",18.5 kmpl,1197 CC,5,Silver,5 Speed,FWD,Bangalore
0,Diesel,SUV,Manual,3,Ford,Ford Ecosport,2018,₹ 7.36 Lakh,Comprehensive,"36,216 Kms",23 kmpl,1498 CC,5,Black,5 Speed,FWD,Bangalore
0,Petrol,Hatchback,Automatic,1,Renault,Renault KWID,2022,₹ 5.30 Lakh,Third Party insurance,"10,000 Kms",22 kmpl,999 CC,5,Others,5 Speed,FWD,Bangalore
0,Petrol,SUV,Manual,2,Hyundai,Hyundai Creta,2017,₹ 8.80 Lakh,Comprehensive,"45,965 Kms",15.29 kmpl,1591 CC,5,White,6 Speed,FWD,Bangalore
0,Petrol,MUV,Automatic,1,Toyota,Toyota Innova Crysta,2021,₹ 26 Lakh,Third Party insurance,"10,000 Kms",8 kmpl,2694 CC,7,Others,6 Speed,RWD,Bangalore
0,Petrol,Sedan,Automatic,1,Honda,Honda City,2016,₹ 7.89 Lakh,Comprehensive,"74,982 Kms",18 kmpl,1497 CC,5,Brown,5 Speed CVT,FWD,Bangalore
0,Petrol,SUV,Automatic,1,Tata,Tata Nexon,2020,₹ 10.30 Lakh,Comprehensive,"21,925 Kms",17 kmpl,1198 CC,5,Silver,6 Speed,FWD,Bangalore
0,Diesel,Sedan,Automatic,1,Skoda,Skoda Rapid,2015,₹ 6 Lakh,Third Party insurance,"1,20,000 Kms",21.66 kmpl,1498 CC,5,Silver,7 Speed,FWD,Bangalore
0,Petrol,Sedan,Manual,2,Honda,Honda City,2010,₹ 2.50 Lakh,Third Party insurance,"70,000 Kms",17 kmpl,1497 CC,5,Others,5 Speed,FWD,Bangalore
0,Diesel,Sedan,Manual,3,Honda,Honda Amaze,2014,₹ 3.90 Lakh,Third Party insurance,"80,000 Kms",25.8 kmpl,1498 CC,5,Others,5 Speed,FWD,Bangalore
0,Petrol,Hatchback,Manual,2,Maruti,Maruti Swift,2009,₹ 2.80 Lakh,Third Party insurance,"90,000 Kms",16.1 kmpl,1298 CC,5,Others,5 Speed,,Bangalore
0,Petrol,SUV,Manual,1,Nissan,Nissan Magnite,2021,₹ 9.20 Lakh,Third Party insurance,"20,000 Kms",18.75 kmpl,999 CC,5,Others,5 Speed,,Bangalore
0,Diesel,SUV,Automatic,1,Mahindra,Mahindra Thar,2021,₹ 16 Lakh,Third Party insurance,"50,000 Kms",,2184 CC,4,Others,6 Speed,4X4,Bangalore
0,Petrol,SUV,Manual,1,Nissan,Nissan Magnite,2021,₹ 6.50 Lakh,Third Party insurance,"10,000 Kms",18.75 kmpl,999 CC,5,Brown,5 Speed,,Bangalore
0,Petrol,Hatchback,Manual,4,Hyundai,Hyundai i10,2010,₹ 2.40 Lakh,Third Party insurance,"80,000 Kms",20.36 kmpl,1197 CC,5,Silver,5 Speed,FWD,Bangalore
0,Diesel,SUV,Automatic,1,Land Rover,Land Rover Discovery Sport,2018,₹ 44.45 Lakh,Comprehensive,"61,000 Kms",12.51 kmpl,2179 CC,7,White,9 Speed,4WD,Bangalore
0,Diesel,MUV,Manual,1,Mahindra,Mahindra Marazzo,2019,₹ 13.50 Lakh,Third Party insurance,"50,000 Kms",17.3 kmpl,1497 CC,7,Others,6 Speed,FWD,Bangalore
0,Petrol,Hatchback,Manual,1,Maruti,Maruti Alto 800,2015,₹ 3.12 Lakh,Comprehensive,"50,406 Kms",22.05 kmpl,796 CC,5,Blue,5 Speed,,Bangalore
0,Petrol,Hatchback,Manual,1,Hyundai,Hyundai Grand i10,2017,₹ 5.82 Lakh,Comprehensive,"26,483 Kms",18.9 kmpl,1197 CC,5,Blue,5 Speed,FWD,Bangalore
0,Diesel,Hatchback,Manual,2,Tata,Tata Indica V2,2015,₹ 1.50 Lakh,Third Party insurance,"80,000 Kms",25 kmpl,1396 CC,5,Others,5 Speed,FWD,Bangalore
0,Petrol,SUV,Manual,1,Mahindra,Mahindra KUV 100,2018,₹ 6.18 Lakh,Comprehensive,"12,104 Kms",18.15 kmpl,1198 CC,6,Others,5 Speed,FWD,Bangalore
0,Petrol,Hatchback,Automatic,1,Honda,Honda Jazz,2021,₹ 9.16 Lakh,Comprehensive,"23,721 Kms",17.1 kmpl,1199 CC,5,Silver,7 Speed,,Bangalore
0,Diesel,Hatchback,Manual,1,Ford,Ford Figo,2012,₹ 3 Lakh,Third Party insurance,"80,000 Kms",20 kmpl,1399 CC,5,Others,5 Speed,FWD,Bangalore
0,Petrol,Hatchback,Manual,1,Maruti,Maruti S-Presso,2022,₹ 5.55 Lakh,Comprehensive,"8,212 Kms",21.7 kmpl,998 CC,5,Silver,5 Speed,FWD,Bangalore
0,Diesel,Sedan,Automatic,3,Skoda,Skoda Superb,2011,₹ 5 Lakh,Third Party insurance,"80,000 Kms",11.9 kmpl,2496 CC,5,Black,5 Speed,FWD,Bangalore
0,Petrol,Hatchback,Automatic,1,Maruti,Maruti Baleno,2021,₹ 9.50 Lakh,Comprehensive,"9,358 Kms",21.4 kmpl,1197 CC,5,Blue,CVT,FWD,Bangalore
0,Petrol,Sedan,Manual,1,Maruti,Maruti Swift Dzire,2016,₹ 6.08 Lakh,Comprehensive,"62,011 Kms",22.41 kmpl,1197 CC,5,White,5 Speed,,Bangalore
0,Diesel,Sedan,Manual,2,Tata,Tata Indigo,2011,₹ 1.25 Lakh,Third Party insurance,"1,20,000 Kms",17 kmpl,1405 CC,5,Red,5 Speed,,Bangalore
0,Petrol,Sedan,Automatic,2,Jaguar,Jaguar XJ,2011,₹ 17 Lakh,Third Party insurance,"90,000 Kms",10.5 kmpl,5000 CC,4,Black,6 Speed,,Bangalore
0,Petrol,Sedan,Automatic,2,Jaguar,Jaguar XJ,2011,₹ 17 Lakh,Third Party insurance,"90,000 Kms",10.5 kmpl,5000 CC,4,Black,6 Speed,,Bangalore
0,Diesel,Hatchback,Manual,1,Ford,Ford Figo,2013,₹ 2.25 Lakh,Third Party insurance,"50,000 Kms",20 kmpl,1399 CC,5,Others,5 Speed,FWD,Bangalore
0,Diesel,Hatchback,Manual,2,Skoda,Skoda Fabia,2010,₹ 2.49 Lakh,Third Party insurance,"1,00,000 Kms",19.4 kmpl,1422 CC,5,Others,5 Speed,FWD,Bangalore
0,Diesel,SUV,Manual,1,Tata,Tata Sumo,2008,₹ 1.50 Lakh,Third Party insurance,"1,00,000 Kms",14.4 kmpl,2179 CC,8,White,5 Speed,,Bangalore
0,Diesel,Sedan,Manual,5,Mitsubishi,Mitsubishi Lancer,2002,₹ 1.30 Lakh,Third Party insurance,"1,20,000 Kms",14.8 kmpl,1998 CC,5,White,5 Speed,FWD,Bangalore
0,Petrol,Sedan,Automatic,2,Ford,Ford Mondeo,2000,"₹ 50,000 ",Third Party insurance,"80,000 Kms",9 kmpl,1999 CC,5,Gold,,,Bangalore
0,Petrol,Sedan,Manual,2,Honda,Honda Amaze,2015,₹ 3.75 Lakh,Third Party insurance,"50,000 Kms",18 kmpl,1198 CC,5,Black,5 Speed,FWD,Bangalore
0,Petrol,Hatchback,Manual,1,Renault,Renault KWID,2022,₹ 5.50 Lakh,Third Party insurance,"10,000 Kms",21.74 kmpl,999 CC,5,Silver,5 Speed,FWD,Bangalore
0,Petrol,Hatchback,Manual,1,Hyundai,Hyundai Grand i10,2019,₹ 5.90 Lakh,Comprehensive,"38,771 Kms",18.9 kmpl,1197 CC,5,Silver,5 Speed,FWD,Bangalore
0,Petrol,Hatchback,Automatic,1,Maruti,Maruti Celerio X,2018,₹ 5.11 Lakh,Comprehensive,"42,174 Kms",21.63 kmpl,998 CC,5,Orange,AGS,FWD,Bangalore
0,Diesel,Sedan,Manual,1,Tata,Tata Indigo,2017,₹ 2.60 Lakh,Third Party insurance,"1,20,000 Kms",19.09 kmpl,1396 CC,5,White,5 Speed,FWD,Bangalore
0,Petrol,Hatchback,Manual,1,Renault,Renault KWID,2017,₹ 3.81 Lakh,Comprehensive,"43,199 Kms",23.01 kmpl,999 CC,5,Silver,5 Speed,FWD,Bangalore
0,Diesel,SUV,Manual,2,Mahindra,Mahindra XUV500,2014,₹ 8.19 Lakh,Third Party,"65,000 Kms",15.1 kmpl,2179 CC,7,Black,6 Speed ,FWD,Bangalore
0,Petrol,Hatchback,Manual,1,Maruti,Maruti Baleno,2016,₹ 5.75 Lakh,Third Party insurance,"20,000 Kms",21.4 kmpl,1197 CC,5,Others,5 Speed,FWD,Bangalore
0,Petrol,Hatchback,Manual,2,Renault,Renault KWID,2019,₹ 4.28 Lakh,Third Party,"10,155 Kms",22.25 kmpl,799 CC,5,Silver,5 Speed,,Bangalore
0,Petrol,Hatchback,Manual,2,Hyundai,Hyundai Santro Xing,2006,₹ 1.95 Lakh,Comprehensive,"1,10,654 Kms",,1086 CC,5,Blue,,,Bangalore
0,Petrol,Hatchback,Manual,1,Maruti,Maruti Swift,2020,₹ 6.96 Lakh,Third Party,"50,704 Kms",21.21 kmpl,1197 CC,5,Blue,5,FWD,Bangalore
0,Petrol,Hatchback,Manual,1,Hyundai,Hyundai Grand i10 Nios,2020,₹ 7.40 Lakh,Comprehensive,"34,725 Kms",20.7 kmpl,998 CC,5,White,5-Speed,,Bangalore
0,Diesel,SUV,Manual,2,Mahindra,Mahindra XUV500,2013,₹ 8.25 Lakh,Third Party insurance,"90,000 Kms",15.1 kmpl,2179 CC,7,Others,6 Speed ,AWD,Bangalore
0,Petrol,Hatchback,Manual,1,Hyundai,Hyundai i10,2011,₹ 3 Lakh,Third Party insurance,"30,000 Kms",19.81 kmpl,1086 CC,5,Others,5 Speed,FWD,Bangalore
0,Diesel,Hatchback,Manual,1,Tata,Tata Tiago,2016,₹ 5 Lakh,Third Party insurance,"60,000 Kms",27.28 kmpl,1047 CC,5,Red,5 Speed,FWD,Bangalore
0,Diesel,Sedan,Manual,2,Nissan,Nissan Sunny,2013,₹ 2.30 Lakh,Third Party insurance,"1,20,000 Kms",21.64 kmpl,1461 CC,5,Others,5 Speed,FWD,Bangalore
0,Petrol,Sedan,Manual,2,Ford,Ford Ikon,2004,"₹ 75,000 ",Third Party insurance,"80,000 Kms",14.2 kmpl,1597 CC,5,Others,5 Speed,FWD,Bangalore
0,Petrol,Sedan,Manual,1,Hyundai,Hyundai Accent,2009,₹ 2.60 Lakh,Third Party insurance,"60,000 Kms",13.2 kmpl,1495 CC,5,Others,5 Speed,,Bangalore
0,Petrol,Hatchback,Manual,1,Maruti,Maruti Wagon R,2008,₹ 2.40 Lakh,Comprehensive,"57,709 Kms",18.9 kmpl,998 CC,5,Golden,5 Speed,FWD,Bangalore
0,Petrol,SUV,Manual,1,Mahindra,Mahindra Thar,2022,₹ 15 Lakh,Third Party insurance,"20,000 Kms",15.2 kmpl,1997 CC,4,Red,6 Speed,4X4,Bangalore
0,Petrol,Hatchback,Manual,1,Hyundai,Hyundai i10,2010,₹ 2.75 Lakh,Third Party insurance,"90,000 Kms",20.36 kmpl,1197 CC,5,Gray,5 Speed,FWD,Bangalore
0,Diesel,Sedan,Automatic,2,Jaguar,Jaguar XF,2014,₹ 20 Lakh,Third Party insurance,"60,000 Kms",16.36 kmpl,2179 CC,5,Black,8 Speed,RWD,Bangalore
0,Diesel,SUV,Manual,2,Mahindra,Mahindra XUV500,2016,₹ 10.13 Lakh,Comprehensive,"26,224 Kms",16 kmpl,2179 CC,7,Silver,6 Speed ,FWD,Bangalore
0,Petrol,Sedan,Manual,2,Honda,Honda City,2016,₹ 6.77 Lakh,Comprehensive,"32,196 Kms",17.8 kmpl,1497 CC,5,White,5 Speed,FWD,Bangalore
0,Diesel,MUV,Manual,1,Maruti,Maruti Ertiga,2016,₹ 9 Lakh,Third Party insurance,"1,20,000 Kms",24.52 kmpl,1248 CC,7,Others,5 Speed,FWD,Bangalore
0,Petrol,Hatchback,Manual,3,Hyundai,Hyundai i20,2017,₹ 5.91 Lakh,Third Party insurance,"56,672 Kms",18.6 kmpl,1197 CC,5,Silver,5 Speed,FWD,Bangalore
0,Petrol,Hatchback,Manual,1,Maruti,Maruti S-Presso,2020,₹ 4.28 Lakh,Comprehensive,"21,226 Kms",21.7 kmpl,998 CC,5,White,5 Speed,FWD,Bangalore
0,Diesel,SUV,Manual,2,Toyota,Toyota Fortuner,2010,₹ 11.45 Lakh,Comprehensive,"1,05,000 Kms",11.5 kmpl,2982 CC,7,White,5 Speed,4WD,Bangalore
0,Petrol,Hatchback,Manual,1,Hyundai,Hyundai Grand i10 Nios,2022,₹ 6.97 Lakh,Third Party insurance,"10,346 Kms",20.7 kmpl,1197 CC,5,Blue,5-Speed,,Bangalore
0,Petrol,Sedan,Automatic,3,Maruti,Maruti Swift Dzire,2020,₹ 6.30 Lakh,Third Party insurance,"30,000 Kms",22.61 kmpl,1197 CC,5,Others,5 Speed,,Bangalore
0,Petrol,Hatchback,Manual,1,Maruti,Maruti Alto 800,2021,₹ 4.29 Lakh,Third Party insurance,"16,679 Kms",22.05 kmpl,796 CC,5,Silver,5 Speed,,Bangalore
0,Petrol,Hatchback,Manual,2,Maruti,Maruti Celerio,2016,₹ 4.64 Lakh,Comprehensive,"15,437 Kms",25.24 kmpl,998 CC,5,White,5-Speed,,Bangalore
0,Petrol,MUV,Manual,1,Renault,Renault Triber,2019,₹ 7.50 Lakh,Third Party insurance,"40,000 Kms",20 kmpl,999 CC,7,Others,5-Speed,FWD,Bangalore
0,Petrol,SUV,Automatic,2,Hyundai,Hyundai Venue,2019,₹ 11 Lakh,Third Party insurance,"30,000 Kms",18.15 kmpl,998 CC,5,Others,7-Speed,FWD,Bangalore
0,Diesel,Sedan,Manual,1,Hyundai,Hyundai Elantra,2014,₹ 7 Lakh,Third Party insurance,"90,000 Kms",22.7 kmpl,1582 CC,5,Others,6 Speed ,FWD,Bangalore
0,Diesel,Sedan,Automatic,2,Mercedes-Benz,Mercedes-Benz C-Class,2013,₹ 11 Lakh,Third Party insurance,"1,10,000 Kms",15.8 kmpl,2200 CC,5,Others,6 Speed,RWD,Bangalore
0,Petrol,SUV,Manual,1,Skoda,Skoda Kushaq,2022,₹ 16.95 Lakh,Comprehensive,"20,000 Kms",18.09 kmpl,999 CC,5,White,6-speed,FWD,Bangalore
0,Diesel,SUV,Automatic,1,Audi,Audi Q7,2011,₹ 20 Lakh,Third Party insurance,"1,20,000 Kms",12.07 kmpl,2967 CC,7,White,8 Speed Tiptronic,AWD,Bangalore
0,Petrol,Minivans,Manual,1,Maruti,Maruti Eeco,2021,₹ 5 Lakh,Third Party insurance,"10,000 Kms",16.11 kmpl,1196 CC,7,Others,5 Speed,,Bangalore
0,Petrol,SUV,Manual,3,Honda,Honda CR-V,2005,₹ 2 Lakh,Third Party insurance,"1,10,000 Kms",11.1 kmpl,2354 CC,5,Silver,6Speed,AWD,Bangalore
0,Diesel,Sedan,Automatic,1,Jaguar,Jaguar XF,2017,₹ 27 Lakh,Third Party insurance,"1,20,000 Kms",19.33 kmpl,1999 CC,5,Red,8 Speed,RWD,Bangalore
0,Petrol,Hatchback,Manual,1,Datsun,Datsun RediGO,2020,₹ 3.60 Lakh,Third Party insurance,"50,000 Kms",21.7 kmpl,999 CC,5,Others,5-Speed,FWD,Bangalore
0,Petrol,Hatchback,Manual,1,Honda,Honda Jazz,2017,₹ 7.33 Lakh,Comprehensive,"15,017 Kms",18.7 kmpl,1199 CC,5,White,5 Speed,FWD,Bangalore
0,Petrol,Hatchback,Manual,1,Maruti,Maruti Wagon R,2013,₹ 3.75 Lakh,Comprehensive,"75,283 Kms",18.9 kmpl,998 CC,5,Red,5 Speed,FWD,Bangalore
0,Diesel,SUV,Manual,2,Tata,Tata Harrier,2021,₹ 18.85 Lakh,Third Party insurance,"54,568 Kms",16.35 kmpl,1956 CC,5,Black,6-Speed,,Bangalore
0,Petrol,Hatchback,Manual,1,Hyundai,Hyundai i20,2016,₹ 6.57 Lakh,Comprehensive,"14,516 Kms",18.6 kmpl,1197 CC,5,White,5 Speed,FWD,Bangalore
0,Petrol,Hatchback,Automatic,1,Maruti,Maruti Baleno,2019,₹ 7.29 Lakh,Comprehensive,"53,627 Kms",21.4 kmpl,1197 CC,5,Blue,CVT,FWD,Bangalore
0,Petrol,Sedan,Manual,1,Tata,Tata Tigor,2021,₹ 8 Lakh,Third Party insurance,"20,000 Kms",19.28 kmpl,1199 CC,5,Blue,5-Speed,,Bangalore
0,Petrol,Hatchback,Automatic,2,Renault,Renault KWID,2019,₹ 5.01 Lakh,Third Party,"5,083 Kms",23.01 kmpl,999 CC,5,Blue,5 Speed,FWD,Bangalore
0,Diesel,SUV,Manual,2,Mahindra,Mahindra TUV 300,2016,₹ 6.50 Lakh,Third Party insurance,"1,00,000 Kms",18.49 kmpl,1493 CC,7,Others,5 Speed,RWD,Bangalore
0,Petrol,Sedan,Automatic,1,Honda,Honda City,2017,₹ 10.05 Lakh,Third Party,"50,666 Kms",18 kmpl,1497 CC,5,Silver,CVT,FWD,Bangalore
0,Petrol,SUV,Manual,1,Tata,Tata Nexon,2022,₹ 11.93 Lakh,Third Party,"16,962 Kms",17.57 kmpl,1199 CC,5,Black,6-Speed,,Bangalore
0,Petrol,Hatchback,Manual,1,Volkswagen,Volkswagen Polo,2019,₹ 9 Lakh,Third Party insurance,"10,000 Kms",18.78 kmpl,999 CC,5,Others,5 Speed,FWD,Bangalore
0,Diesel,SUV,Manual,1,Mahindra,Mahindra XUV700,2022,₹ 21.50 Lakh,Third Party insurance,"10,000 Kms",,2198 CC,7,Others,6-Speed,FWD,Bangalore
0,Petrol,Hatchback,Automatic,1,Volkswagen,Volkswagen Polo,2017,₹ 9.25 Lakh,Comprehensive,"70,446 Kms",17.21 kmpl,1197 CC,5,Red,7 Speed,FWD,Bangalore
0,Petrol,Hatchback,Automatic,2,Volkswagen,Volkswagen Polo,2017,₹ 8.65 Lakh,Third Party insurance,"60,528 Kms",17.21 kmpl,1197 CC,5,Grey,7 Speed,FWD,Bangalore
0,Petrol,SUV,Manual,1,Volkswagen,Volkswagen Taigun,2021,₹ 15.85 Lakh,Comprehensive,"7,132 Kms",20.08 kmpl,999 CC,5,Silver,6-Speed,,Bangalore
0,Diesel,Sedan,Manual,5,Ford,Ford Fiesta,2009,₹ 1.20 Lakh,Third Party insurance,"1,00,000 Kms",17.8 kmpl,1399 CC,5,White,5 Speed,FWD,Bangalore
0,Diesel,SUV,Automatic,3,Mercedes-Benz,Mercedes-Benz M-Class,2012,₹ 18 Lakh,Third Party insurance,"80,000 Kms",11.74 kmpl,2987 CC,5,Others,7 Speed,AWD,Bangalore
0,Petrol,SUV,Automatic,1,Mercedes-Benz,Mercedes-Benz GLE,2018,₹ 70 Lakh,Third Party insurance,"30,000 Kms",8.9 kmpl,2996 CC,5,Red,9 Speed,AWD,Bangalore
0,Diesel,Hatchback,Manual,3,Tata,Tata Indica V2,2015,₹ 1.95 Lakh,Third Party insurance,"1,20,000 Kms",17.88 kmpl,1405 CC,5,Others,5 Speed,FWD,Bangalore
0,Petrol,Hatchback,Manual,1,Hyundai,Hyundai i20,2018,₹ 7.99 Lakh,Comprehensive,"21,280 Kms",18.6 kmpl,1197 CC,5,Silver,5 Speed,FWD,Bangalore
0,Petrol,SUV,Automatic,1,Ford,Ford Ecosport,2017,₹ 6.89 Lakh,Zero Dep,"82,021 Kms",15.63 kmpl,1499 CC,5,Silver,6 Speed,FWD,Bangalore
0,Petrol,SUV,Manual,1,Tata,Tata Nexon,2023,₹ 10.68 Lakh,Third Party,"18,998 Kms",17.33 kmpl,1199 CC,5,Red,6 Speed,,Bangalore
0,Diesel,SUV,Manual,1,Jeep,Jeep Compass,2018,₹ 17.99 Lakh,Third Party insurance,"56,189 Kms",16.3 kmpl,1956 CC,5,Red,6 Speed,4X4,Bangalore
0,Petrol,Hatchback,Manual,2,Maruti,Maruti S-Presso,2020,₹ 3.83 Lakh,Third Party,"57,644 Kms",21.7 kmpl,998 CC,5,Orange,5 Speed,FWD,Bangalore
0,Petrol,Hatchback,Manual,2,Maruti,Maruti Alto 800,2018,₹ 3.27 Lakh,Comprehensive,"51,286 Kms",24.7 kmpl,796 CC,5,Silver,5 Speed,FWD,Bangalore
0,Diesel,SUV,Manual,1,Mahindra,Mahindra Quanto,2012,₹ 1.95 Lakh,Third Party insurance,"1,20,000 Kms",17.21 kmpl,1493 CC,7,Silver,5 Speed ,RWD,Bangalore
0,Petrol,Hatchback,Manual,1,Hyundai,Hyundai Grand i10 Nios,2019,₹ 6.39 Lakh,Third Party insurance,"27,937 Kms",20.7 kmpl,1197 CC,5,Silver,5-Speed,,Bangalore
0,Diesel,SUV,Manual,2,Renault,Renault Duster,2013,₹ 5.75 Lakh,Comprehensive,"64,000 Kms",20.45 kmpl,1461 CC,5,White,5 speed,FWD,Bangalore
0,Petrol,SUV,Manual,2,Ford,Ford Ecosport,2017,₹ 6.60 Lakh,Comprehensive,"40,031 Kms",15.85 kmpl,1499 CC,5,White,5 Speed,FWD,Bangalore
0,Petrol,Hatchback,Manual,2,Maruti,Maruti Alto 800,2017,₹ 3.25 Lakh,Comprehensive,"47,619 Kms",22.05 kmpl,796 CC,5,Silver,5 Speed,,Bangalore
0,Petrol,Hatchback,Manual,5,Hyundai,Hyundai i20,2009,₹ 2.25 Lakh,Third Party insurance,"90,000 Kms",17 kmpl,1197 CC,5,Silver,5 Speed,,Bangalore
0,Petrol,SUV,Automatic,1,Toyota,Toyota Urban cruiser,2022,₹ 10.75 Lakh,Third Party insurance,"20,000 Kms",18.76 kmpl,1462 CC,5,Gray,4 Speed,,Bangalore
0,Petrol,SUV,Manual,1,Toyota,Toyota Urban cruiser,2022,₹ 9.75 Lakh,Third Party insurance,"20,000 Kms",17.03 kmpl,1462 CC,5,Gray,5 Speed,,Bangalore
0,Petrol,Hatchback,Manual,3,Hyundai,Hyundai i10,2010,₹ 3 Lakh,Third Party insurance,"70,000 Kms",20.36 kmpl,1197 CC,5,Others,5 Speed,FWD,Bangalore
0,Diesel,Sedan,Manual,3,Maruti,Maruti SX4,2011,₹ 2.90 Lakh,Third Party insurance,"1,10,000 Kms",21.5 kmpl,1248 CC,5,Others,5 Speed,FWD,Bangalore
0,Petrol,Hatchback,Manual,3,Honda,Honda Brio,2012,₹ 2.60 Lakh,Third Party insurance,"40,000 Kms",19.4 kmpl,1198 CC,5,Others,5 Speed,FWD,Bangalore
0,Diesel,Sedan,Manual,3,Nissan,Nissan Sunny,2012,₹ 3.60 Lakh,Third Party insurance,"1,00,000 Kms",21.64 kmpl,1461 CC,5,Others,5 Speed,FWD,Bangalore
0,Diesel,SUV,Automatic,4,BMW,BMW X3,2013,₹ 15 Lakh,Third Party insurance,"10,000 Kms",16.55 kmpl,1995 CC,5,Others,,,Bangalore
0,Petrol,Hatchback,Manual,4,Hyundai,Hyundai EON,2017,₹ 2.50 Lakh,Third Party insurance,"60,000 Kms",21.1 kmpl,814 CC,5,Others,5 Speed,FWD,Bangalore
0,Petrol,SUV,Automatic,1,Mahindra,Mahindra Thar,2021,₹ 17.74 Lakh,Comprehensive,"24,000 Kms",,1997 CC,4,Black,6 Speed,4X4,Bangalore
0,Petrol,SUV,Manual,2,Hyundai,Hyundai Venue,2020,₹ 10.73 Lakh,Third Party,"30,535 Kms",18 kmpl,998 CC,5,White,iMT,FWD,Bangalore
0,Petrol,Hatchback,Manual,2,Maruti,Maruti Alto K10,2017,₹ 3.49 Lakh,Third Party,"20,229 Kms",23.95 kmpl,998 CC,5,Others,5 Speed,FWD,Bangalore
0,Petrol,Hatchback,Manual,1,Maruti,Maruti Celerio,2018,₹ 4.85 Lakh,Third Party insurance,"35,800 Kms",21.63 kmpl,998 CC,5,White,5 Speed,FWD,Bangalore
0,Petrol,Hatchback,Manual,1,Maruti,Maruti Wagon R,2021,₹ 5.91 Lakh,Comprehensive,"11,453 Kms",20.52 kmpl,1197 CC,5,Grey,5 Speed,FWD,Bangalore
0,Petrol,Hatchback,Manual,1,Hyundai,Hyundai i20,2016,₹ 6.57 Lakh,Comprehensive,"35,410 Kms",18.6 kmpl,1197 CC,5,Blue,5 Speed,FWD,Bangalore
0,Petrol,Hatchback,Manual,1,Maruti,Maruti Alto,2009,₹ 2.10 Lakh,Third Party insurance,"50,000 Kms",19.7 kmpl,796 CC,5,Others,5 Speed,FWD,Bangalore
0,Petrol,Hatchback,Automatic,1,Hyundai,Hyundai Grand i10,2018,₹ 5.91 Lakh,Third Party insurance,"49,948 Kms",18.9 kmpl,1197 CC,5,Blue,4 Speed,FWD,Bangalore
0,Diesel,Hatchback,Manual,2,Volkswagen,Volkswagen Polo,2014,₹ 5.10 Lakh,Comprehensive,"77,000 Kms",22.07 kmpl,1199 CC,5,Grey,5 Speed,FWD,Bangalore
0,Petrol,Hatchback,Manual,1,Hyundai,Hyundai i20,2017,₹ 6.58 Lakh,Comprehensive,"48,285 Kms",18.6 kmpl,1197 CC,5,Silver,5 Speed,FWD,Bangalore
0,Petrol,Hatchback,Manual,1,Renault,Renault KWID,2021,₹ 5.14 Lakh,Comprehensive,"19,062 Kms",21.74 kmpl,999 CC,5,White,5 Speed,FWD,Bangalore
0,Petrol,Hatchback,Automatic,2,Hyundai,Hyundai i10,2011,₹ 3.30 Lakh,Third Party insurance,"70,000 Kms",16.95 kmpl,1197 CC,5,Others,4-Speed,FWD,Bangalore
0,Diesel,Sedan,Automatic,2,Mercedes-Benz,Mercedes-Benz E-Class,2015,₹ 22.50 Lakh,Third Party insurance,"1,20,000 Kms",13 kmpl,2143 CC,5,Others,7 Speed,RWD,Bangalore
0,Petrol,Hatchback,Manual,1,Citroen,Citroen C3,2022,₹ 9.50 Lakh,Third Party insurance,"10,000 Kms",19.3 kmpl,1199 CC,5,White,6 Speed,,Bangalore
0,Petrol,Hatchback,Manual,3,Volkswagen,Volkswagen Polo,2014,₹ 4.95 Lakh,Third Party insurance,"80,000 Kms",16.47 kmpl,1198 CC,5,Blue,5 Speed,FWD,Bangalore
0,Petrol,Hatchback,Manual,2,Fiat,Fiat Palio,2007,₹ 1.10 Lakh,Third Party insurance,"80,000 Kms",15.5 kmpl,1108 CC,5,Silver,5 Speed,FWD,Bangalore
0,Petrol,Sedan,Manual,1,Toyota,Toyota Etios,2011,₹ 3.30 Lakh,Comprehensive,"87,000 Kms",17.6 kmpl,1496 CC,5,Red,,,Bangalore
0,Diesel,Sedan,Automatic,1,Volkswagen,Volkswagen Vento,2016,₹ 7.75 Lakh,Third Party insurance,"80,000 Kms",22.15 kmpl,1498 CC,5,Others,7 Speed,FWD,Bangalore
0,Petrol,Hatchback,Manual,2,Maruti,Maruti Wagon R,2010,₹ 2.60 Lakh,Third Party insurance,"1,10,000 Kms",18.9 kmpl,998 CC,5,Others,5 Speed,FWD,Bangalore
0,Petrol,Sedan,Automatic,3,Honda,Honda City,2009,₹ 3 Lakh,Third Party insurance,"90,000 Kms",16.8 kmpl,1497 CC,5,Others,5 Speed,FWD,Bangalore
0,Petrol,Hatchback,Automatic,1,Maruti,Maruti Swift,2019,₹ 6.50 Lakh,Third Party insurance,"30,000 Kms",21.21 kmpl,1197 CC,5,Others,5,FWD,Bangalore
0,Petrol,Hatchback,Manual,1,Maruti,Maruti Alto K10,2016,₹ 3.75 Lakh,Comprehensive,"56,276 Kms",23.95 kmpl,998 CC,5,Red,5 Speed,FWD,Bangalore
0,Petrol,Hatchback,Manual,1,Hyundai,Hyundai i20,2016,₹ 6.47 Lakh,Comprehensive,"27,103 Kms",18.6 kmpl,1197 CC,5,White,5 Speed,FWD,Bangalore
0,Diesel,Hatchback,Manual,2,Ford,Ford Figo,2011,₹ 2.45 Lakh,Third Party insurance,"80,000 Kms",20 kmpl,1399 CC,5,Others,5 Speed,Front Wheel Drive,Bangalore
0,Petrol,Hatchback,Automatic,1,Maruti,Maruti Ignis,2017,₹ 5.91 Lakh,Zero Dep,"46,507 Kms",20.89 kmpl,1197 CC,5,Blue,5 Speed,FWD,Bangalore
0,Petrol,Hatchback,Manual,1,Hyundai,Hyundai Grand i10,2018,₹ 5.75 Lakh,Third Party insurance,"30,000 Kms",18.9 kmpl,1197 CC,5,Others,5 Speed,FWD,Bangalore
0,Petrol,Sedan,Manual,1,Maruti,Maruti Swift Dzire,2017,₹ 6.59 Lakh,Zero Dep,"39,070 Kms",21.21 kmpl,1197 CC,5,Red,5 Speed,FWD,Bangalore
0,Diesel,Sedan,Manual,1,Toyota,Toyota Etios,2019,₹ 7.20 Lakh,Third Party insurance,"1,20,000 Kms",23.59 kmpl,1364 CC,5,Others,5 Speed,FWD,Bangalore
0,Petrol,Hatchback,Manual,1,Maruti,Maruti Baleno,2020,₹ 7.33 Lakh,Third Party insurance,"22,438 Kms",21.01 kmpl,1197 CC,5,Others,5 Speed,FWD,Bangalore
0,Petrol,Hatchback,Automatic,2,Maruti,Maruti Baleno,2020,₹ 8.67 Lakh,Zero Dep,"21,225 Kms",21.4 kmpl,1197 CC,5,Red,CVT,FWD,Bangalore
0,Petrol,Hatchback,Automatic,1,Honda,Honda Jazz,2019,₹ 8.50 Lakh,Comprehensive,"28,737 Kms",18.2 kmpl,1199 CC,5,MODERN STEEL METALLIC,5 Speed,FWD,Bangalore
0,Petrol,SUV,Manual,1,Renault,Renault Kiger,2021,₹ 9.20 Lakh,Third Party insurance,"20,000 Kms",20.5 kmpl,999 CC,5,Others,5 Speed,,Bangalore
0,Diesel,Hatchback,Manual,1,Hyundai,Hyundai i20,2019,₹ 7.20 Lakh,Third Party insurance,"30,000 Kms",22.54 kmpl,1396 CC,5,Others,6 Speed,FWD,Bangalore
0,Petrol,Hatchback,Manual,3,Chevrolet,Chevrolet Spark,2009,₹ 1.20 Lakh,Third Party insurance,"70,000 Kms",18 kmpl,995 CC,5,Silver,5 Speed,FWD,Bangalore
0,Diesel,Sedan,Automatic,2,Mercedes-Benz,Mercedes-Benz C-Class,2010,₹ 6.50 Lakh,Third Party insurance,"1,20,000 Kms",14.84 kmpl,2143 CC,5,Others,7 Speed,RWD,Bangalore
0,Petrol,Hatchback,Manual,2,Hyundai,Hyundai i20,2012,₹ 3.50 Lakh,Third Party insurance,"80,000 Kms",18.5 kmpl,1197 CC,5,Gray,5 Speed,FWD,Bangalore
0,Diesel,Hatchback,Manual,2,Volkswagen,Volkswagen Polo,2010,₹ 3.60 Lakh,Third Party insurance,"1,00,000 Kms",22.07 kmpl,1199 CC,5,Others,5 Speed,FWD,Bangalore
0,Diesel,Sedan,Automatic,1,Audi,Audi A6,2013,₹ 16 Lakh,Third Party insurance,"80,000 Kms",17.68 kmpl,1968 CC,5,Others,8 Speed,FWD,Bangalore
0,Petrol,Hatchback,Manual,3,Maruti,Maruti Estilo,2009,₹ 2 Lakh,Third Party insurance,"40,000 Kms",19.5 kmpl,1061 CC,,Others,,,Bangalore
0,Diesel,Sedan,Manual,1,Skoda,Skoda Octavia,2018,₹ 16 Lakh,Third Party insurance,"70,000 Kms",21 kmpl,1968 CC,5,Others,6 Speed,FWD,Bangalore
0,Diesel,Hatchback,Manual,2,Hyundai,Hyundai i20,2013,₹ 3.81 Lakh,Third Party insurance,"90,106 Kms",21.9 kmpl,1396 CC,5,Silver,6 Speed,FWD,Bangalore
0,Petrol,Sedan,Manual,1,Skoda,Skoda Superb,2009,₹ 4 Lakh,Third Party insurance,"50,000 Kms",13.7 kmpl,1798 CC,5,White,7 Speed,FWD,Bangalore
0,Petrol,Hatchback,Automatic,1,Maruti,Maruti Celerio,2016,₹ 3.89 Lakh,Zero Dep,"1,38,175 Kms",26.68 kmpl,998 CC,5,Red,5-Speed,,Bangalore
0,Petrol,Hatchback,Manual,1,Renault,Renault KWID,2019,₹ 4.45 Lakh,Third Party insurance,"55,609 Kms",23.01 kmpl,999 CC,5,White,5 Speed,FWD,Bangalore
0,Diesel,Hatchback,Manual,3,Tata,Tata Indica V2,2015,₹ 1.86 Lakh,Third Party insurance,"1,20,000 Kms",17.88 kmpl,1405 CC,5,White,5 Speed,FWD,Bangalore
0,Petrol,Hatchback,Automatic,1,Maruti,Maruti Swift,2018,₹ 6.42 Lakh,Comprehensive,"56,410 Kms",22.56 kmpl,1197 CC,5,Silver,5-Speed,,Bangalore
0,Petrol,Hatchback,Manual,1,Maruti,Maruti Baleno,2022,₹ 7.25 Lakh,Third Party insurance,"30,000 Kms",22.35 kmpl,1197 CC,5,Silver,5 Speed,,Bangalore
0,Petrol,Hatchback,Manual,1,Hyundai,Hyundai i20,2017,₹ 6.16 Lakh,Comprehensive,"77,593 Kms",18.6 kmpl,1197 CC,5,White,5 Speed,FWD,Bangalore
0,Petrol,SUV,Manual,1,Honda,Honda WR-V,2018,₹ 6.94 Lakh,Third Party,"49,538 Kms",17.5 kmpl,1199 CC,5,Silver,5 Speed,FWD,Bangalore
0,Diesel,Sedan,Manual,4,Chevrolet,Chevrolet Cruze,2012,₹ 4 Lakh,Third Party insurance,"87,000 Kms",17.3 kmpl,1998 CC,5,Gray,6 Speed,FWD,Bangalore
0,Diesel,SUV,Manual,1,Mahindra,Mahindra Bolero,2016,₹ 6.50 Lakh,Third Party insurance,"80,000 Kms",15.96 kmpl,2523 CC,9,Others,5 Speed,2WD,Bangalore
0,Petrol,Hatchback,Manual,2,Datsun,Datsun RediGO,2018,₹ 3 Lakh,Third Party insurance,"50,000 Kms",22.5 kmpl,999 CC,5,Others,5-Speed,2WD,Bangalore
0,Diesel,Hatchback,Manual,1,Maruti,Maruti Swift,2012,₹ 4 Lakh,Third Party insurance,"1,20,000 Kms",22.9 kmpl,1248 CC,5,Others,5 Speed,FWD,Bangalore
0,Petrol,Hatchback,Manual,1,Maruti,Maruti Swift,2018,₹ 6.49 Lakh,Third Party insurance,"30,000 Kms",22 kmpl,1197 CC,5,Others,5,,Bangalore
0,Diesel,Hatchback,Manual,2,Volkswagen,Volkswagen Polo,2010,₹ 3.60 Lakh,Third Party insurance,"1,00,000 Kms",22.07 kmpl,1199 CC,5,Others,5 Speed,FWD,Bangalore
0,Diesel,Hatchback,Manual,2,Volkswagen,Volkswagen Polo,2010,₹ 3.60 Lakh,Third Party insurance,"1,00,000 Kms",22.07 kmpl,1199 CC,5,Others,5 Speed,FWD,Bangalore
0,Petrol,Hatchback,Manual,3,Hyundai,Hyundai Santro Xing,2010,₹ 2.40 Lakh,Third Party insurance,"1,20,000 Kms",17.92 kmpl,1086 CC,5,Others,5 Speed,FWD,Bangalore
0,Petrol,Hatchback,Automatic,1,Hyundai,Hyundai Grand i10 Nios,2021,₹ 8 Lakh,Third Party insurance,"30,000 Kms",20.7 kmpl,1197 CC,5,Others,5-Speed,,Bangalore
0,Diesel,Hatchback,Manual,1,Maruti,Maruti Swift,2009,₹ 3.50 Lakh,Third Party insurance,"1,00,000 Kms",17.8 kmpl,1248 CC,5,Others,,,Bangalore
0,Petrol,Hatchback,Manual,2,Maruti,Maruti Celerio,2016,₹ 4.15 Lakh,Third Party insurance,"41,268 Kms",25.24 kmpl,998 CC,5,Silver,5-Speed,,Bangalore
0,Petrol,Hatchback,Manual,1,Maruti,Maruti Swift,2011,₹ 3.84 Lakh,Comprehensive,"60,020 Kms",22.38 kmpl,1197 CC,5,Red,5-Speed,,Bangalore
0,Diesel,SUV,Manual,1,Mahindra,Mahindra XUV500,2015,₹ 9 Lakh,Third Party insurance,"1,20,000 Kms",16 kmpl,2179 CC,7,Others,6 Speed,FWD,Bangalore
0,Diesel,Hatchback,Manual,1,Hyundai,Hyundai i20,2016,₹ 7.82 Lakh,Third Party insurance,"32,148 Kms",22.54 kmpl,1396 CC,5,Red,6 Speed,FWD,Bangalore
0,Petrol,Hatchback,Automatic,1,Maruti,Maruti Celerio,2016,₹ 4.63 Lakh,Comprehensive,"69,565 Kms",26 kmpl,998 CC,5,Silver,5-Speed,,Bangalore
0,Diesel,Hatchback,Manual,1,Honda,Honda Jazz,2017,₹ 6.60 Lakh,Third Party insurance,"60,000 Kms",27.3 kmpl,1498 CC,5,White,6 Speed,FWD,Bangalore
0,Petrol,Hatchback,Automatic,1,Maruti,Maruti Swift,2018,₹ 6.63 Lakh,Comprehensive,"26,007 Kms",22.56 kmpl,1197 CC,5,White,5-Speed,,Bangalore
0,Petrol,SUV,Manual,2,Ford,Ford Ecosport,2018,₹ 9 Lakh,Third Party insurance,"30,000 Kms",18.88 kmpl,999 CC,5,Brown,5 Speed,FWD,Bangalore
0,Petrol,Hatchback,Manual,2,Maruti,Maruti Swift,2010,₹ 3.16 Lakh,Comprehensive,"1,34,850 Kms",22.38 kmpl,1197 CC,5,Blue,5-Speed,,Bangalore
0,Petrol,Hatchback,Manual,1,Maruti,Maruti Celerio,2015,₹ 4.36 Lakh,Comprehensive,"44,385 Kms",25.24 kmpl,998 CC,5,White,5-Speed,,Bangalore
0,Diesel,SUV,Manual,2,Tata,Tata New Safari,2009,₹ 2.80 Lakh,Third Party insurance,"1,20,000 Kms",13.93 kmpl,2179 CC,7,White,5 Speed,2WD ,Bangalore
0,Diesel,SUV,Manual,1,Hyundai,Hyundai Creta,2018,₹ 13.50 Lakh,Third Party insurance,"30,000 Kms",19.67 kmpl,1582 CC,5,Others,6 Speed,FWD,Bangalore
0,Diesel,Sedan,Automatic,3,BMW,BMW 3 Series,2011,₹ 9.75 Lakh,Third Party insurance,"87,000 Kms",13.2 kmpl,1995 CC,5,Black,6 Speed,,Bangalore
0,Petrol,Sedan,Automatic,1,Honda,Honda City,2014,₹ 5.20 Lakh,Comprehensive,"1,02,662 Kms",18 kmpl,1497 CC,5,TITANIUM GREY,5 Speed CVT,FWD,Bangalore
0,Petrol,SUV,Automatic,1,Skoda,Skoda Kushaq,2022,₹ 17.65 Lakh,Comprehensive,"13,802 Kms",17.2 kmpl,999 CC,5,White,6-speed,FWD,Bangalore
0,Diesel,Hatchback,Manual,4,Ford,Ford Figo,2011,₹ 1.75 Lakh,Third Party insurance,"90,000 Kms",20 kmpl,1399 CC,5,Others,5 Speed,Front Wheel Drive,Bangalore
0,Petrol,Hatchback,Manual,2,Hyundai,Hyundai i20,2011,₹ 4 Lakh,Third Party insurance,"40,000 Kms",17 kmpl,1197 CC,5,Others,5 Speed,,Bangalore
0,Petrol,Sedan,Automatic,2,Mercedes-Benz,Mercedes-Benz C-Class,2011,₹ 9.50 Lakh,Third Party insurance,"65,000 Kms",14.74 kmpl,1991 CC,5,White,9 Speed,RWD,Bangalore
0,Petrol,SUV,Manual,1,Kia,Kia Seltos,2020,₹ 15.95 Lakh,Comprehensive,"42,000 Kms",16.1 kmpl,1353 CC,5,White,6-Speed,2WD,Bangalore
0,Petrol,Hatchback,Automatic,2,Hyundai,Hyundai Grand i10,2017,₹ 5.93 Lakh,Comprehensive,"13,444 Kms",18.9 kmpl,1197 CC,5,Silver,4 Speed,FWD,Bangalore
0,Diesel,SUV,Manual,1,Mahindra,Mahindra XUV300,2019,₹ 10.57 Lakh,Third Party insurance,"56,226 Kms",20 kmpl,1497 CC,5,Silver,6 Speed,FWD,Bangalore
0,Petrol,Hatchback,Automatic,1,Renault,Renault KWID,2020,₹ 5.60 Lakh,Third Party,"8,733 Kms",22 kmpl,999 CC,5,Red,5 Speed,FWD,Bangalore
0,Petrol,Sedan,Automatic,1,Honda,Honda City,2020,₹ 12.64 Lakh,Comprehensive,"57,963 Kms",18.3 kmpl,1498 CC,5,White,CVT,,Bangalore
0,Petrol,Sedan,Automatic,1,Honda,Honda City,2022,₹ 16.66 Lakh,Comprehensive,"19,508 Kms",16.4 kmpl,1497 CC,5,PLATINUM WHITE,5 Speed,FWD,Bangalore
0,Petrol,Sedan,Manual,1,Honda,Honda City,2018,₹ 7.89 Lakh,Third Party insurance,"49,423 Kms",17.4 kmpl,1497 CC,5,Brown,5 Speed,FWD,Bangalore
0,Petrol,Hatchback,Manual,2,Maruti,Maruti Swift,2012,₹ 4.59 Lakh,Comprehensive,"78,622 Kms",22.38 kmpl,1197 CC,5,White,5-Speed,,Bangalore
0,Diesel,SUV,Manual,1,Hyundai,Hyundai Venue,2022,₹ 12.75 Lakh,Third Party insurance,"18,025 Kms",,1493 CC,5,Blue,6-Speed,,Bangalore
0,Petrol,Sedan,Manual,1,Honda,Honda City,2010,₹ 3.75 Lakh,Comprehensive,"68,220 Kms",17 kmpl,1497 CC,5,White,5 Speed,FWD,Bangalore
0,Diesel,SUV,Automatic,1,Jeep,Jeep Meridian,2022,₹ 38.75 Lakh,Comprehensive,"6,000 Kms",,1956 CC,7,Maroon,9-Speed,4x2,Bangalore
0,Diesel,SUV,Manual,1,Mahindra,Mahindra Thar,2018,₹ 9.85 Lakh,Third Party insurance,"59,889 Kms",16.55 kmpl,2498 CC,6,Golden,5 Speed,4WD,Bangalore
0,Diesel,Sedan,Automatic,2,Jaguar,Jaguar XE,2019,₹ 37.75 Lakh,Comprehensive,"11,000 Kms",13.5 kmpl,1999 CC,5,White,8 Speed,RWD,Bangalore
0,Petrol,Hatchback,Manual,1,Hyundai,Hyundai i20,2019,₹ 8.25 Lakh,Comprehensive,"38,500 Kms",18.6 kmpl,1197 CC,5,Red,5 Speed,FWD,Bangalore
0,Diesel,SUV,Automatic,2,Toyota,Toyota Fortuner,2013,₹ 16.25 Lakh,Comprehensive,"1,20,000 Kms",12.55 kmpl,2982 CC,7,Silver,5 Speed ,FWD,Bangalore
0,Diesel,Sedan,Automatic,2,BMW,BMW 3 Series,2016,₹ 21.98 Lakh,Third Party insurance,"39,157 Kms",22.69 kmpl,1995 CC,5,White,8 Speed,RWD,Bangalore
0,Diesel,MUV,Manual,1,Toyota,Toyota Innova,2008,₹ 8.25 Lakh,Comprehensive,"1,62,000 Kms",12.8 kmpl,2494 CC,7,Golden,5 Speed,,Bangalore
0,Petrol,Hatchback,Automatic,2,BMW,BMW 1 Series,2013,₹ 11.75 Lakh,Third Party,"89,900 Kms",16.28 kmpl,1598 CC,5,Blue,8 Speed,RWD,Bangalore
0,Petrol,Hatchback,Automatic,1,Maruti,Maruti Baleno,2017,₹ 6.56 Lakh,Comprehensive,"58,666 Kms",21.4 kmpl,1197 CC,5,White,CVT,FWD,Bangalore
0,Petrol,Sedan,Automatic,1,Maruti,Maruti Swift Dzire,2018,₹ 6.12 Lakh,Third Party insurance,"54,137 Kms",21.21 kmpl,1197 CC,5,Silver,5 Speed,FWD,Bangalore
0,Diesel,SUV,Manual,2,Toyota,Toyota Fortuner,2011,₹ 11.95 Lakh,Comprehensive,"1,80,000 Kms",11.5 kmpl,2982 CC,7,Silver,5 Speed,4WD,Bangalore
0,Petrol,Hatchback,Manual,1,Renault,Renault KWID,2019,₹ 4.36 Lakh,Comprehensive,"21,997 Kms",23.01 kmpl,999 CC,5,Red,5 Speed,FWD,Bangalore
0,Petrol,Sedan,Automatic,2,Maruti,Maruti Swift Dzire,2020,₹ 7.21 Lakh,Comprehensive,"40,394 Kms",21.21 kmpl,1197 CC,5,Blue,5 Speed,FWD,Bangalore
0,Diesel,SUV,Automatic,2,BMW,BMW X1,2015,₹ 17.50 Lakh,Comprehensive,"49,000 Kms",17.05 kmpl,1995 CC,5,Green,8-Speed ,RWD,Bangalore
0,Petrol,SUV,Manual,1,Ford,Ford Ecosport,2017,₹ 6.20 Lakh,Comprehensive,"80,390 Kms",15.85 kmpl,1499 CC,5,White,5 Speed,FWD,Bangalore
0,Diesel,Sedan,Automatic,1,Mercedes-Benz,Mercedes-Benz C-Class,2018,₹ 32.99 Lakh,Comprehensive,"52,721 Kms",12.6 kmpl,1950 CC,5,White,9 Speed,RWD,Bangalore
0,Petrol,Hatchback,Automatic,1,Maruti,Maruti Baleno,2017,₹ 6.43 Lakh,Comprehensive,"55,127 Kms",21.4 kmpl,1197 CC,5,Red,CVT,FWD,Bangalore
0,Diesel,SUV,Manual,2,Ford,Ford Ecosport,2018,₹ 8.22 Lakh,Comprehensive,"35,922 Kms",23 kmpl,1498 CC,5,Blue,5 Speed,FWD,Bangalore
0,Petrol,Sedan,Automatic,1,Honda,Honda Amaze,2019,₹ 8.38 Lakh,Third Party insurance,"16,883 Kms",19 kmpl,1199 CC,5,Red,CVT,FWD,Bangalore
0,Diesel,SUV,Manual,2,Renault,Renault Duster,2013,₹ 6.25 Lakh,Comprehensive,"86,000 Kms",19.6 kmpl,1461 CC,5,White,6 Speed,FWD,Bangalore
0,Petrol,Sedan,Automatic,1,Skoda,Skoda Octavia,2016,₹ 11.25 Lakh,Comprehensive,"88,000 Kms",15.1 kmpl,1798 CC,5,Maroon,7 Speed,FWD,Bangalore
0,Diesel,SUV,Automatic,1,Jeep,Jeep Compass,2020,₹ 25.45 Lakh,Comprehensive,"34,000 Kms",17.1 kmpl,1956 CC,5,White,6 Speed,4X4,Bangalore
0,Diesel,Hatchback,Manual,1,Skoda,Skoda Fabia,2013,₹ 3.45 Lakh,Comprehensive,"1,10,000 Kms",20.86 kmpl,1199 CC,5,Grey,5 Speed,FWD,Bangalore
0,Diesel,SUV,Manual,1,Renault,Renault Duster,2020,₹ 9.99 Lakh,Third Party insurance,"55,398 Kms",19.87 kmpl,1461 CC,5,Orange,5-Speed,FWD,Bangalore
0,Petrol,SUV,Automatic,2,Ford,Ford Ecosport,2015,₹ 6.75 Lakh,Comprehensive,"54,000 Kms",14.7 kmpl,1496 CC,5,Orange,6 Speed,FWD,Bangalore
0,Petrol,Hatchback,Manual,1,Volkswagen,Volkswagen Polo,2019,₹ 8.75 Lakh,Comprehensive,"25,829 Kms",18.78 kmpl,999 CC,5,Brown,5 Speed,FWD,Bangalore
0,Petrol,Hatchback,Manual,1,Maruti,Maruti Celerio,2016,₹ 4.85 Lakh,Comprehensive,"36,913 Kms",23.1 kmpl,998 CC,5,Silver,5 Speed ,FWD,Bangalore
0,Diesel,Hatchback,Manual,1,Hyundai,Hyundai i20,2018,₹ 7.75 Lakh,Comprehensive,"34,000 Kms",22.54 kmpl,1396 CC,5,White,6 Speed,FWD,Bangalore
0,Petrol,Hatchback,Automatic,2,Maruti,Maruti Swift,2018,₹ 6.55 Lakh,Third Party insurance,"42,162 Kms",22.56 kmpl,1197 CC,5,Silver,5-Speed,,Bangalore
0,Petrol,Hatchback,Automatic,2,Maruti,Maruti Celerio,2016,₹ 5.25 Lakh,Comprehensive,"48,041 Kms",23.1 kmpl,998 CC,5,Red,5 Speed ,FWD,Bangalore
0,Petrol,Hatchback,Manual,3,Renault,Renault KWID,2020,₹ 4.42 Lakh,Third Party insurance,"43,285 Kms",23.01 kmpl,999 CC,5,Blue,5 Speed,FWD,Bangalore
0,Petrol,Hatchback,Manual,1,Hyundai,Hyundai i20,2012,₹ 4.76 Lakh,Comprehensive,"44,326 Kms",18.5 kmpl,1197 CC,5,Silver,5 Speed,FWD,Bangalore
0,Petrol,Hatchback,Automatic,2,Volkswagen,Volkswagen Polo,2017,₹ 8.65 Lakh,Comprehensive,"62,984 Kms",17.21 kmpl,1197 CC,5,White,7 Speed,FWD,Bangalore
0,Petrol,Hatchback,Manual,2,Maruti,Maruti Swift,2010,₹ 3.38 Lakh,Comprehensive,"99,276 Kms",22.38 kmpl,1197 CC,5,Silver,5-Speed,,Bangalore
0,Petrol,SUV,Automatic,2,Hyundai,Hyundai Creta,2018,₹ 12.99 Lakh,Comprehensive,"42,812 Kms",13 kmpl,1591 CC,5,White,6 Speed,FWD,Bangalore
0,Petrol,Hatchback,Manual,1,Maruti,Maruti Swift,2013,₹ 4.92 Lakh,Comprehensive,"57,770 Kms",22.38 kmpl,1197 CC,5,Red,5-Speed,,Bangalore
0,Petrol,Hatchback,Automatic,3,Hyundai,Hyundai Grand i10,2017,₹ 5.44 Lakh,Third Party,"42,220 Kms",18.9 kmpl,1197 CC,5,Red,4 Speed,FWD,Bangalore
0,Diesel,SUV,Automatic,1,Mahindra,Mahindra XUV500,2016,₹ 13.65 Lakh,Third Party insurance,"66,977 Kms",16 kmpl,2179 CC,7,Grey,6 Speed,FWD,Bangalore
0,Petrol,SUV,Manual,1,Hyundai,Hyundai Venue,2021,₹ 10.85 Lakh,Third Party,"29,916 Kms",18 kmpl,998 CC,5,White,6-Speed IMT,FWD,Bangalore
0,Petrol,Sedan,Automatic,1,Skoda,Skoda Slavia,2022,₹ 14.88 Lakh,Third Party,"10,066 Kms",18.07 kmpl,999 CC,5,Silver,6-Speed,FWD,Bangalore
0,Petrol,Sedan,Automatic,2,Skoda,Skoda Rapid,2019,₹ 9.39 Lakh,Comprehensive,"39,243 Kms",14.84 kmpl,1598 CC,5,White,6 Speed,FWD,Bangalore
0,Petrol,Sedan,Automatic,2,Skoda,Skoda Rapid,2017,₹ 8.88 Lakh,Third Party insurance,"36,309 Kms",14.84 kmpl,1598 CC,5,White,6 Speed,FWD,Bangalore
0,Petrol,Hatchback,Automatic,1,Maruti,Maruti Celerio,2014,₹ 4.25 Lakh,Third Party,"69,408 Kms",23.1 kmpl,998 CC,5,Maroon,5 Speed ,FWD,Bangalore
0,Petrol,Sedan,Automatic,2,Honda,Honda Amaze,2019,₹ 8.18 Lakh,Third Party insurance,"12,064 Kms",19 kmpl,1199 CC,5,White,CVT,FWD,Bangalore
0,Diesel,Sedan,Automatic,1,Mercedes-Benz,Mercedes-Benz E-Class,2013,₹ 19.44 Lakh,Comprehensive,"74,000 Kms",14.21 kmpl,2143 CC,5,Grey,5 Speed,Rear Wheel Drive with ESP,Bangalore
0,Petrol,Hatchback,Automatic,1,Maruti,Maruti Swift,2018,₹ 6.95 Lakh,Comprehensive,"18,000 Kms",22 kmpl,1197 CC,5,Blue,5,,Bangalore
0,Petrol,Sedan,Automatic,1,Volkswagen,Volkswagen Vento,2010,₹ 4.75 Lakh,Comprehensive,"59,000 Kms",14.4 kmpl,1598 CC,5,Silver,6 Speed,FWD,Bangalore
0,Petrol,Hatchback,Manual,1,Hyundai,Hyundai Grand i10,2018,₹ 5.51 Lakh,Comprehensive,"17,190 Kms",18.9 kmpl,1197 CC,5,Blue,5 Speed,FWD,Bangalore
0,Petrol,Hatchback,Manual,1,Maruti,Maruti Wagon R,2013,₹ 3.52 Lakh,Comprehensive,"58,323 Kms",18.9 kmpl,998 CC,5,Brown,5 Speed,FWD,Bangalore
0,Petrol,Sedan,Manual,1,Honda,Honda City,2015,₹ 6 Lakh,Comprehensive,"40,765 Kms",17.8 kmpl,1497 CC,5,Red,5 Speed,FWD,Bangalore
0,Petrol,Hatchback,Automatic,2,Maruti,Maruti Celerio,2016,₹ 4.79 Lakh,Third Party,"58,198 Kms",26 kmpl,998 CC,5,Silver,5-Speed,,Bangalore
0,Petrol,Hatchback,Manual,1,Hyundai,Hyundai Grand i10,2019,₹ 5.59 Lakh,Third Party insurance,"42,976 Kms",18.9 kmpl,1197 CC,5,Silver,5 Speed,FWD,Bangalore
0,Diesel,SUV,Automatic,1,Hyundai,Hyundai Tucson,2017,₹ 15.19 Lakh,Comprehensive,"1,04,507 Kms",,1995 CC,7,White,,,Bangalore
0,Petrol,Sedan,Manual,1,Maruti,Maruti Swift Dzire,2012,₹ 4.09 Lakh,Third Party,"44,074 Kms",22.41 kmpl,1197 CC,5,Black,5 Speed,,Bangalore
0,Petrol,Hatchback,Automatic,1,Maruti,Maruti Wagon R,2017,₹ 5.39 Lakh,Comprehensive,"21,000 Kms",21.79 kmpl,998 CC,5,White,5 Speed,FWD,Bangalore
0,Petrol,Hatchback,Manual,1,Maruti,Maruti Swift,2021,₹ 7.37 Lakh,Third Party,"14,089 Kms",22.38 kmpl,1197 CC,5,Red,5-Speed,,Bangalore
0,Diesel,Sedan,Manual,2,Honda,Honda City,2014,₹ 5.26 Lakh,Comprehensive,"94,378 Kms",26 kmpl,1498 CC,5,Red,6 Speed ,FWD,Bangalore
0,Diesel,SUV,Automatic,1,Mahindra,Mahindra XUV500,2016,₹ 13.50 Lakh,Comprehensive,"71,000 Kms",16 kmpl,2179 CC,7,Silver,6 Speed,FWD,Bangalore
0,Diesel,SUV,Manual,1,Toyota,Toyota Fortuner,2018,₹ 31.94 Lakh,Comprehensive,"1,74,000 Kms",14.24 kmpl,2755 CC,7,White,6 Speed,RWD,Bangalore
0,Petrol,Hatchback,Automatic,2,Hyundai,Hyundai Grand i10,2016,₹ 5.85 Lakh,Comprehensive,"58,000 Kms",18.9 kmpl,1197 CC,5,White,4 Speed,FWD,Bangalore
0,Diesel,SUV,Automatic,2,Audi,Audi Q3,2014,₹ 14.95 Lakh,Third Party insurance,"1,13,000 Kms",15.73 kmpl,1968 CC,5,Brown,7-Speed S-Tronic ,AWD,Bangalore
0,Diesel,SUV,Automatic,2,Volvo,Volvo XC 90,2010,₹ 10.90 Lakh,Comprehensive,"1,70,402 Kms",11.1 kmpl,2400 CC,7,White,6 Speed,AWD,Bangalore
0,Diesel,Sedan,Automatic,2,Audi,Audi A4,2016,₹ 21 Lakh,Comprehensive,"30,000 Kms",18.25 kmpl,1968 CC,5,White,7 Speed,FWD,Bangalore
0,Petrol,Sedan,Manual,1,Maruti,Maruti Swift Dzire,2014,₹ 5.90 Lakh,Comprehensive,"59,000 Kms",19.1 kmpl,1197 CC,5,Silver,5 Speed,FWD,Bangalore
0,Diesel,SUV,Manual,1,Mahindra,Mahindra XUV500,2021,₹ 18.99 Lakh,Comprehensive,"25,883 Kms",15.1 kmpl,2179 CC,7,White,6 Speed,FWD,Bangalore
0,Petrol,SUV,Manual,1,Volkswagen,Volkswagen Taigun,2021,₹ 15.45 Lakh,Comprehensive,"32,746 Kms",20.08 kmpl,999 CC,5,White,6-Speed,,Bangalore
0,Petrol,Sedan,Automatic,1,Skoda,Skoda Octavia,2017,₹ 18.95 Lakh,Comprehensive,"35,038 Kms",14.7 kmpl,1798 CC,5,White,7 Speed,FWD,Bangalore
0,Petrol,Hatchback,Manual,3,Ford,Ford Freestyle,2018,₹ 5.40 Lakh,Comprehensive,"38,995 Kms",19 kmpl,1194 CC,5,Yellow,5-Speed,FWD,Bangalore
0,Petrol,Hatchback,Manual,1,Maruti,Maruti Swift,2013,₹ 4.91 Lakh,Comprehensive,"61,102 Kms",22.38 kmpl,1197 CC,5,Red,5-Speed,,Bangalore
0,Diesel,SUV,Manual,2,Skoda,Skoda Yeti,2012,₹ 6.25 Lakh,Comprehensive,"1,32,000 Kms",17.67 kmpl,1968 CC,5,Silver,6 Speed ,AWD,Bangalore
0,Petrol,Hatchback,Manual,1,Maruti,Maruti S-Presso,2021,₹ 4.36 Lakh,Third Party insurance,"52,288 Kms",21.7 kmpl,998 CC,5,Others,5 Speed,FWD,Bangalore
0,Petrol,Hatchback,Automatic,1,Honda,Honda Jazz,2017,₹ 6.16 Lakh,Comprehensive,"69,054 Kms",19 kmpl,1199 CC,5,Brown,5 Speed,FWD,Bangalore
0,Petrol,SUV,Manual,1,Renault,Renault Duster,2015,₹ 6.75 Lakh,Comprehensive,"67,000 Kms",13.24 kmpl,1598 CC,5,Silver,5 speed,FWD,Bangalore
0,Diesel,Sedan,Manual,2,Maruti,Maruti Swift Dzire,2015,₹ 5.33 Lakh,Comprehensive,"51,745 Kms",26.59 kmpl,1248 CC,5,Black,5 Speed,FWD,Bangalore
0,Petrol,Convertibles,Automatic,1,Audi,Audi A3 cabriolet,2015,₹ 34.95 Lakh,Comprehensive,"22,000 Kms",16.6 kmpl,1798 CC,4,Red,7 Speed,FWD,Bangalore
0,Petrol,Hatchback,Manual,2,Hyundai,Hyundai Grand i10,2017,₹ 6.26 Lakh,Comprehensive,"11,268 Kms",18.9 kmpl,1197 CC,5,Silver,5 Speed,FWD,Bangalore
0,Petrol,Hatchback,Manual,1,Tata,Tata Tiago,2020,₹ 6.32 Lakh,Zero Dep,"24,357 Kms",20.09 kmpl,1199 CC,5,Red,5-Speed`,,Bangalore
0,Diesel,MUV,Manual,2,Toyota,Toyota Innova Crysta,2016,₹ 17.75 Lakh,Comprehensive,"1,57,000 Kms",13.68 kmpl,2393 CC,8,White,5 Speed,RWD,Bangalore
0,Petrol,Sedan,Manual,1,Honda,Honda City,2018,₹ 10 Lakh,Comprehensive,"9,982 Kms",17 kmpl,1497 CC,5,Golden Brown,5 Speed,FWD,Bangalore
0,Diesel,Sedan,Automatic,1,Audi,Audi A3,2020,₹ 28.75 Lakh,Comprehensive,"22,000 Kms",20.38 kmpl,1968 CC,5,Red,6 Speed,FWD,Bangalore
0,Petrol,SUV,Manual,1,Hyundai,Hyundai Venue,2020,₹ 10.85 Lakh,Comprehensive,"27,000 Kms",18 kmpl,998 CC,5,Blue,6-Speed IMT,FWD,Bangalore
0,Diesel,Sedan,Automatic,2,BMW,BMW 3 Series,2017,₹ 22.75 Lakh,Comprehensive,"68,000 Kms",22.69 kmpl,1995 CC,5,White,8 Speed,RWD,Bangalore
0,Petrol,SUV,Automatic,1,Hyundai,Hyundai Venue,2022,₹ 13.65 Lakh,Comprehensive,"19,000 Kms",18.15 kmpl,998 CC,5,White,7-Speed DCT,FWD,Bangalore
0,Diesel,SUV,Automatic,2,BMW,BMW X1,2012,₹ 15.50 Lakh,Third Party insurance,"41,000 Kms",17.05 kmpl,1995 CC,5,Brown,8-Speed ,RWD,Bangalore
0,Diesel,SUV,Automatic,1,BMW,BMW X1,2018,₹ 30.25 Lakh,Comprehensive,"49,000 Kms",20.68 kmpl,1995 CC,5,Blue,8 Speed,FWD,Bangalore
0,Diesel,Sedan,Automatic,2,BMW,BMW 5 Series,2018,₹ 42.75 Lakh,Comprehensive,"45,000 Kms",20.37 kmpl,1995 CC,5,Black,8-Speed Steptronic,RWD,Bangalore
0,Diesel,SUV,Automatic,2,BMW,BMW X5,2016,₹ 44.50 Lakh,Comprehensive,"75,000 Kms",11.7 kmpl,2993 CC,5,White,8 Speed,4WD,Bangalore
0,Petrol,Hatchback,Manual,1,Maruti,Maruti Celerio,2015,₹ 4.83 Lakh,Third Party,"39,613 Kms",25.24 kmpl,998 CC,5,Red,5-Speed,,Bangalore
0,Petrol,Sedan,Automatic,2,Honda,Honda City,2018,₹ 10.07 Lakh,Third Party insurance,"68,906 Kms",18 kmpl,1497 CC,5,White,CVT,FWD,Bangalore
0,Petrol,SUV,Automatic,1,Renault,Renault Duster,2019,₹ 9.95 Lakh,Comprehensive,"33,000 Kms",13.9 kmpl,1498 CC,5,White,6-Speed,FWD,Bangalore
0,Petrol,Sedan,Manual,1,Maruti,Maruti Swift Dzire,2016,₹ 5.73 Lakh,Comprehensive,"71,423 Kms",22.41 kmpl,1197 CC,5,Red,5 Speed,,Bangalore
0,Petrol,Sedan,Manual,1,Maruti,Maruti Swift Dzire,2015,₹ 6.58 Lakh,Comprehensive,"17,811 Kms",22.41 kmpl,1197 CC,5,Silver,5 Speed,,Bangalore
0,Diesel,SUV,Automatic,1,Hyundai,Hyundai Creta,2017,₹ 12.45 Lakh,Comprehensive,"79,000 Kms",17.6 kmpl,1582 CC,5,White,6 Speed,FWD,Bangalore
0,Petrol,Hatchback,Automatic,1,Maruti,Maruti Baleno,2020,₹ 9.06 Lakh,Zero Dep,"9,724 Kms",21.4 kmpl,1197 CC,5,Silver,CVT,FWD,Bangalore
0,Petrol,SUV,Manual,1,Hyundai,Hyundai Creta,2019,₹ 11.95 Lakh,Comprehensive,"75,000 Kms",15.8 kmpl,1591 CC,5,White,6 Speed,FWD,Bangalore
0,Petrol,Sedan,Manual,1,Toyota,Toyota Yaris,2021,₹ 10.31 Lakh,Comprehensive,"20,754 Kms",17.1 kmpl,1496 CC,5,White,6 Speed,FWD,Bangalore
0,Petrol,Hatchback,Manual,3,Hyundai,Hyundai Grand i10,2015,₹ 4.13 Lakh,Comprehensive,"50,510 Kms",18.9 kmpl,1197 CC,5,Red,5 Speed,FWD,Bangalore
0,Petrol,Hatchback,Manual,1,Hyundai,Hyundai Grand i10,2019,₹ 6.24 Lakh,Comprehensive,"35,000 Kms",18.9 kmpl,1197 CC,5,White,5 Speed,FWD,Bangalore
0,Diesel,Sedan,Manual,3,Hyundai,Hyundai Verna,2011,₹ 4.65 Lakh,Comprehensive,"85,000 Kms",22.32 kmpl,1582 CC,5,Silver,6 Speed ,FWD,Bangalore
0,Petrol,Sedan,Automatic,1,Honda,Honda City,2018,₹ 10.50 Lakh,Third Party insurance,"48,979 Kms",18 kmpl,1497 CC,5,White,5 Speed CVT,FWD,Bangalore
0,Petrol,SUV,Manual,2,Tata,Tata Nexon,2017,₹ 7.25 Lakh,Comprehensive,"46,000 Kms",17 kmpl,1198 CC,5,Red,6 Speed,FWD,Bangalore
0,Diesel,SUV,Automatic,1,Mahindra,Mahindra Thar,2020,₹ 18 Lakh,Comprehensive,"9,000 Kms",,2184 CC,4,Red,6 Speed,4X4,Bangalore
0,Diesel,Sedan,Manual,2,Ford,Ford Aspire,2018,₹ 6.50 Lakh,Third Party insurance,"70,000 Kms",26.1 kmpl,1498 CC,5,Maroon,5 Speed,FWD,Bangalore
0,Diesel,Sedan,Automatic,2,Volvo,Volvo S60,2014,₹ 13.95 Lakh,Third Party insurance,"78,000 Kms",27.03 kmpl,1969 CC,5,Red,8 Speed,FWD,Bangalore
0,Diesel,Sedan,Manual,1,Honda,Honda Amaze,2021,₹ 8.65 Lakh,Comprehensive,"1,500 Kms",24.7 kmpl,1498 CC,5,Golden Brown,5 Speed,FWD,Bangalore
0,Diesel,Sedan,Automatic,2,BMW,BMW 5 Series,2011,₹ 14.23 Lakh,Comprehensive,"70,000 Kms",18.48 kmpl,1995 CC,5,Golden,6 Speed,,Bangalore
0,Diesel,SUV,Automatic,1,MG,MG Gloster,2023,₹ 43.99 Lakh,Comprehensive,"8,187 Kms",13.92 kmpl,1996 CC,6,Black,8 Speed,4x2,Bangalore
0,Petrol,Sedan,Manual,3,Maruti,Maruti Swift Dzire,2014,₹ 4.75 Lakh,Comprehensive,"81,777 Kms",22.41 kmpl,1197 CC,5,Silver,5 Speed,,Bangalore
0,Petrol,Sedan,Automatic,2,Honda,Honda City,2016,₹ 7.47 Lakh,Comprehensive,"48,698 Kms",18 kmpl,1497 CC,5,Others,5 Speed CVT,FWD,Bangalore
0,Petrol,SUV,Automatic,1,Kia,Kia Seltos,2020,₹ 15.90 Lakh,Comprehensive,"21,000 Kms",16.5 kmpl,1353 CC,5,Grey,7-Speed DCT,FWD,Bangalore
0,Petrol,Hatchback,Automatic,2,Hyundai,Hyundai Grand i10,2016,₹ 5.20 Lakh,Comprehensive,"67,771 Kms",18.9 kmpl,1197 CC,5,Silver,4 Speed,FWD,Bangalore
0,Petrol,Sedan,Manual,1,Maruti,Maruti Swift Dzire,2015,₹ 5.30 Lakh,Third Party,"60,386 Kms",22.41 kmpl,1197 CC,5,White,5 Speed,,Bangalore
0,Petrol,Hatchback,Automatic,1,Tata,Tata Tiago,2018,₹ 5.95 Lakh,Comprehensive,"48,928 Kms",23.84 kmpl,1199 CC,5,Red,5 Speed,FWD,Bangalore
0,Petrol,Hatchback,Manual,1,Hyundai,Hyundai i20,2010,₹ 3.12 Lakh,Third Party,"1,11,374 Kms",18.5 kmpl,1197 CC,5,Silver,5 Speed,FWD,Bangalore
0,Petrol,SUV,Manual,2,Hyundai,Hyundai Creta,2017,₹ 9.20 Lakh,Third Party insurance,"33,000 Kms",15.8 kmpl,1591 CC,5,Grey,6 Speed,FWD,Bangalore
0,Petrol,Hatchback,Manual,1,Maruti,Maruti Alto 800,2021,₹ 4.03 Lakh,Zero Dep,"40,561 Kms",22.05 kmpl,796 CC,5,Silver,5 Speed,,Bangalore
0,Petrol,Hatchback,Manual,1,Maruti,Maruti Swift,2013,₹ 4.15 Lakh,Comprehensive,"92,529 Kms",22.38 kmpl,1197 CC,5,White,5-Speed,,Bangalore
0,Petrol,Sedan,Automatic,1,Honda,Honda Amaze,2019,₹ 8.50 Lakh,Comprehensive,"42,000 Kms",18.1 kmpl,1199 CC,5,Maroon,CVT,FWD,Bangalore
0,Diesel,MUV,Automatic,1,Kia,Kia Carnival,2020,₹ 27 Lakh,Comprehensive,"55,342 Kms",14.11 kmpl,2199 CC,7,Aurora Black Pearl,8-Speed,2WD,Bangalore
0,Diesel,SUV,Manual,1,Ford,Ford Ecosport,2021,₹ 11.45 Lakh,Comprehensive,"51,000 Kms",21.7 kmpl,1498 CC,5,Brown,5 Speed,FWD,Bangalore
0,Diesel,SUV,Manual,2,Mahindra,Mahindra XUV500,2018,₹ 12.75 Lakh,Comprehensive,"37,000 Kms",15.1 kmpl,2179 CC,7,Silver,6 Speed,FWD,Bangalore
0,Petrol,Hatchback,Manual,1,Honda,Honda Jazz,2017,₹ 6.45 Lakh,Comprehensive,"36,468 Kms",18.7 kmpl,1199 CC,5,Silver,5 Speed,FWD,Bangalore
0,Petrol,SUV,Manual,1,Mahindra,Mahindra XUV300,2022,₹ 14.40 Lakh,Comprehensive,"11,250 Kms",16.82 kmpl,1197 CC,5,Black,6 Speed,,Bangalore
0,Petrol,MUV,Manual,1,Maruti,Maruti Ertiga,2019,₹ 11.45 Lakh,Comprehensive,"36,000 Kms",19.01 kmpl,1462 CC,7,Golden,5 Speed,FWD,Bangalore
0,Petrol,SUV,Automatic,1,Hyundai,Hyundai Venue,2019,₹ 12.25 Lakh,Third Party insurance,"36,368 Kms",18.15 kmpl,998 CC,5,Blue,7-Speed,FWD,Bangalore
0,Diesel,Sedan,Automatic,2,Mercedes-Benz,Mercedes-Benz S-Class,2016,₹ 52.75 Lakh,Comprehensive,"36,000 Kms",13.5 kmpl,2987 CC,5,White,7 Speed,RWD,Bangalore
0,Diesel,SUV,Automatic,3,BMW,BMW X3,2017,₹ 38 Lakh,Comprehensive,"62,000 Kms",18.56 kmpl,1995 CC,5,White,8 Speed,4WD,Bangalore
0,Petrol,Sedan,Manual,1,Honda,Honda City,2018,₹ 8.88 Lakh,Comprehensive,"39,466 Kms",17.4 kmpl,1497 CC,5,Brown,5 Speed,FWD,Bangalore
0,Petrol,Hatchback,Manual,1,Maruti,Maruti Swift,2014,₹ 5.07 Lakh,Comprehensive,"49,570 Kms",22.38 kmpl,1197 CC,5,White,5-Speed,,Bangalore
0,Petrol,Sedan,Automatic,2,Volkswagen,Volkswagen Vento,2018,₹ 10.20 Lakh,Comprehensive,"23,382 Kms",18.19 kmpl,1197 CC,5,Beige,7 Speed,FWD,Bangalore
0,Petrol,Hatchback,Manual,1,Maruti,Maruti S-Presso,2021,₹ 4.72 Lakh,Comprehensive,"42,954 Kms",21.7 kmpl,998 CC,5,White,5-Speed,FWD,Bangalore
0,Petrol,Hatchback,Manual,1,Maruti,Maruti Swift,2014,₹ 4.71 Lakh,Comprehensive,"68,306 Kms",22.38 kmpl,1197 CC,5,Silver,5-Speed,,Bangalore
0,Diesel,Hatchback,Manual,1,Hyundai,Hyundai i20,2018,₹ 8.21 Lakh,Comprehensive,"54,961 Kms",22.54 kmpl,1396 CC,5,Star Dust,6 Speed,FWD,Bangalore
0,Petrol,Hatchback,Manual,1,Maruti,Maruti Swift,2015,₹ 5.10 Lakh,Comprehensive,"91,087 Kms",22.38 kmpl,1197 CC,5,Red,5-Speed,,Bangalore
0,Petrol,Hatchback,Manual,1,Renault,Renault KWID,2022,₹ 5.99 Lakh,Third Party,"16,691 Kms",21.74 kmpl,999 CC,5,White,5 Speed,FWD,Bangalore
0,Petrol,Hatchback,Manual,1,Maruti,Maruti Wagon R,2016,₹ 4.02 Lakh,Comprehensive,"80,190 Kms",20.51 kmpl,998 CC,5,Brown,5 Speed,FWD,Bangalore
0,Petrol,SUV,Manual,1,Hyundai,Hyundai Creta,2017,₹ 10.02 Lakh,Third Party insurance,"54,639 Kms",15.29 kmpl,1591 CC,5,Red,6 Speed,FWD,Bangalore
0,Petrol,SUV,Manual,1,Maruti,Maruti SX4 S Cross,2020,₹ 9.75 Lakh,Comprehensive,"50,225 Kms",18.55 kmpl,1462 CC,5,Grey,5 Speed,FWD,Bangalore
0,Diesel,Hatchback,Manual,1,Hyundai,Hyundai i20,2018,₹ 7.95 Lakh,Comprehensive,"68,017 Kms",22.54 kmpl,1396 CC,5,Blue,6 Speed,FWD,Bangalore
0,Petrol,Hatchback,Manual,1,Volkswagen,Volkswagen Polo,2016,₹ 5.50 Lakh,Comprehensive,"87,912 Kms",16.2 kmpl,1199 CC,5,Flash Red,5 Speed,FWD,Bangalore
0,Petrol,SUV,Manual,1,Tata,Tata Nexon,2021,₹ 12.98 Lakh,Third Party insurance,"2,045 Kms",17.57 kmpl,1199 CC,5,Black,6-Speed,,Bangalore
0,Petrol,SUV,Manual,1,Maruti,Maruti SX4 S Cross,2021,₹ 10.85 Lakh,Third Party insurance,"24,305 Kms",18.55 kmpl,1462 CC,5,Blue,5 Speed,FWD,Bangalore
0,Petrol,Hatchback,Automatic,1,Tata,Tata Nano,2015,₹ 3.35 Lakh,Comprehensive,"2,500 Kms",25.4 kmpl,624 CC,4,Purple,4 Speed,RWD,Bangalore
0,Petrol,SUV,Automatic,1,Tata,Tata Nexon,2020,₹ 11.09 Lakh,Third Party insurance,"31,489 Kms",17.05 kmpl,1199 CC,5,Blue,6 Speed,,Bangalore
0,Petrol,Sedan,Manual,2,Fiat,Fiat Linea,2014,₹ 3.50 Lakh,Not Available,"82,268 Kms",14.6 kmpl,1368 CC,5,Golden,Five Speed Manual,Front Wheel Drive,Bangalore
0,Diesel,SUV,Manual,1,Ford,Ford Ecosport,2019,₹ 8.95 Lakh,Third Party insurance,"73,834 Kms",23 kmpl,1498 CC,5,Black,5 Speed,FWD,Bangalore
0,Diesel,SUV,Manual,2,Toyota,Toyota Fortuner,2014,₹ 17.75 Lakh,Comprehensive,"73,000 Kms",13 kmpl,2982 CC,7,Grey,5 Speed,FWD,Bangalore
0,Petrol,Hatchback,Manual,1,Maruti,Maruti Celerio,2017,₹ 4.66 Lakh,Comprehensive,"41,436 Kms",23.1 kmpl,998 CC,5,Silver,5 Speed,FWD,Bangalore
0,Petrol,Sedan,Manual,2,Honda,Honda City,2019,₹ 9.24 Lakh,Zero Dep,"19,024 Kms",17.4 kmpl,1497 CC,5,Brown,5 Speed,FWD,Bangalore
0,Diesel,MUV,Manual,1,Mahindra,Mahindra Xylo,2016,₹ 7.75 Lakh,Comprehensive,"73,000 Kms",14.02 kmpl,2179 CC,8,Red,5 Speed,RWD,Bangalore
0,Petrol,Hatchback,Manual,2,Maruti,Maruti Alto 800,2020,₹ 3.78 Lakh,Comprehensive,"73,140 Kms",22.05 kmpl,796 CC,5,Red,5 Speed,,Bangalore
0,Petrol,Hatchback,Manual,1,Maruti,Maruti Swift,2015,₹ 5.55 Lakh,Comprehensive,"29,289 Kms",22.38 kmpl,1197 CC,5,Silver,5-Speed,,Bangalore
0,Petrol,Sedan,Automatic,1,Honda,Honda City,2016,₹ 8.99 Lakh,Comprehensive,"39,116 Kms",18 kmpl,1497 CC,5,Silver,5 Speed CVT,FWD,Bangalore
0,Petrol,Hatchback,Manual,1,Maruti,Maruti Alto 800,2019,₹ 3.70 Lakh,Third Party,"41,958 Kms",24.7 kmpl,796 CC,5,Silver,5 Speed,FWD,Bangalore
0,Petrol,SUV,Manual,1,Honda,Honda WR-V,2018,₹ 8.10 Lakh,Third Party insurance,"26,626 Kms",17.5 kmpl,1199 CC,5,Brown,5 Speed,FWD,Bangalore
0,Petrol,Hatchback,Automatic,1,Honda,Honda Jazz,2019,₹ 7.74 Lakh,Third Party insurance,"63,460 Kms",18.2 kmpl,1199 CC,5,White,5 Speed,FWD,Bangalore
0,Petrol,Hatchback,Manual,1,Hyundai,Hyundai Santro,2019,₹ 5.30 Lakh,Comprehensive,"35,711 Kms",20.3 kmpl,1086 CC,5,Red,5 Speed,FWD,Bangalore
0,Petrol,SUV,Manual,1,Honda,Honda WR-V,2020,₹ 9.45 Lakh,Comprehensive,"20,057 Kms",16.5 kmpl,1199 CC,5,Brown,5 Speed,,Bangalore
0,Petrol,Hatchback,Manual,1,Tata,Tata Altroz,2020,₹ 8.80 Lakh,Third Party insurance,"25,396 Kms",19.33 kmpl,1199 CC,5,Golden,5-Speed,,Bangalore
0,Diesel,Hatchback,Manual,1,Hyundai,Hyundai i20,2013,₹ 5.25 Lakh,Comprehensive,"88,000 Kms",21.27 kmpl,1396 CC,5,Brown,6 Speed,FWD,Bangalore
0,Petrol,SUV,Automatic,1,Jeep,Jeep Compass,2019,₹ 16.05 Lakh,Third Party insurance,"62,000 Kms",14.1 kmpl,1368 CC,5,Grey,7 Speed,4X2,Bangalore
0,Petrol,Sedan,Manual,1,Honda,Honda City,2020,₹ 11.70 Lakh,Not Available,"35,993 Kms",18.6 kmpl,1498 CC,5,PLATINUM WHITE PEARL,6 Speed,,Bangalore
0,Petrol,Hatchback,Automatic,1,Hyundai,Hyundai Grand i10,2017,₹ 6.50 Lakh,Comprehensive,"34,000 Kms",18.9 kmpl,1197 CC,5,Silver,4 Speed,FWD,Bangalore
0,Petrol,SUV,Manual,1,Honda,Honda WR-V,2019,₹ 8.75 Lakh,Comprehensive,"51,338 Kms",17.5 kmpl,1199 CC,5,Red,5 Speed,FWD,Bangalore
0,Petrol,Hatchback,Manual,1,Hyundai,Hyundai Grand i10,2015,₹ 5 Lakh,Not Available,"74,280 Kms",18.9 kmpl,1197 CC,5,Wine Red,5 Speed,FWD,Bangalore
0,Diesel,SUV,Automatic,1,Land Rover,Land Rover Range Rover Sport,2019,₹ 95 Lakh,Comprehensive,"82,000 Kms",12.65 kmpl,2993 CC,5,Grey,8 Speed,4WD,Bangalore
0,Diesel,Sedan,Automatic,1,Audi,Audi A6,2015,₹ 21.95 Lakh,Comprehensive,"63,773 Kms",17.68 kmpl,1968 CC,5,Blue,8 Speed,FWD,Bangalore
0,Petrol,Hatchback,Manual,2,Hyundai,Hyundai Grand i10,2015,₹ 3.95 Lakh,Comprehensive,"1,01,356 Kms",18.9 kmpl,1197 CC,5,Red,5 Speed,FWD,Bangalore
0,Cng,Hatchback,Manual,1,Maruti,Maruti Alto 800,2020,₹ 4.21 Lakh,Third Party insurance,"75,591 Kms",31.59 km/kg,796 CC,4,Others,5 Speed,,Bangalore
0,Petrol,SUV,Automatic,1,Hyundai,Hyundai Creta,2017,₹ 13 Lakh,Not Available,"72,208 Kms",13 kmpl,1591 CC,5,Blue,6 Speed,FWD,Bangalore
0,Petrol,Hatchback,Manual,1,Maruti,Maruti Swift,2014,₹ 4.90 Lakh,Comprehensive,"51,489 Kms",22.38 kmpl,1197 CC,5,Blue,5-Speed,,Bangalore
0,Petrol,Hatchback,Automatic,1,Maruti,Maruti Ignis,2017,₹ 5.20 Lakh,Third Party insurance,"74,643 Kms",20.89 kmpl,1197 CC,5,Others,5 Speed,FWD,Bangalore
0,Diesel,SUV,Automatic,2,BMW,BMW X5,2008,₹ 14.50 Lakh,Comprehensive,"44,000 Kms",15.3 kmpl,2993 CC,5,Golden,8 Speed,AWD,Bangalore
0,Petrol,Hatchback,Automatic,1,Honda,Honda Jazz,2017,₹ 6.16 Lakh,Comprehensive,"79,575 Kms",19 kmpl,1199 CC,5,Silver,5 Speed,FWD,Bangalore
0,Petrol,SUV,Manual,1,Honda,Honda WR-V,2018,₹ 8.25 Lakh,Comprehensive,"54,097 Kms",17.5 kmpl,1199 CC,5,White,5 Speed,FWD,Bangalore
0,Petrol,Sedan,Manual,2,Honda,Honda City,2018,₹ 8.38 Lakh,Comprehensive,"35,288 Kms",17.4 kmpl,1497 CC,5,Others,5 Speed,FWD,Bangalore
0,Petrol,Hatchback,Automatic,1,Maruti,Maruti Swift,2019,₹ 6.18 Lakh,Zero Dep,"70,314 Kms",22.56 kmpl,1197 CC,5,Silver,5-Speed,,Bangalore
0,Diesel,SUV,Manual,2,Renault,Renault Duster,2017,₹ 8.75 Lakh,Third Party insurance,"96,939 Kms",19.72 kmpl,1461 CC,5,Black,6 Speed,AWD,Bangalore
0,Petrol,Hatchback,Manual,2,Nissan,Nissan Micra,2010,₹ 3.90 Lakh,Comprehensive,"44,824 Kms",18.06 kmpl,1198 CC,5,Red,5 Speed,FWD,Bangalore
0,Diesel,MUV,Manual,2,Toyota,Toyota Innova,2014,₹ 13.49 Lakh,Third Party insurance,"1,69,219 Kms",12.99 kmpl,2494 CC,7,Golden,5 Speed,FWD,Bangalore
0,Petrol,Sedan,Manual,2,Honda,Honda City,2012,₹ 5 Lakh,Third Party,"92,673 Kms",16.8 kmpl,1497 CC,5,Taffeta White,5 Speed,FWD,Bangalore
0,Diesel,SUV,Automatic,2,Mercedes-Benz,Mercedes-Benz GL-Class,2014,₹ 41 Lakh,Comprehensive,"79,000 Kms",11.3 kmpl,2987 CC,7,White,7 Speed,AWD,Bangalore
0,Diesel,SUV,Automatic,1,Jeep,Jeep Compass,2020,₹ 21.90 Lakh,Zero Dep,"20,183 Kms",17.1 kmpl,1956 CC,5,Minimal Grey,9 Speed,AWD,Bangalore
0,Petrol,Sedan,Automatic,1,Toyota,Toyota Yaris,2018,₹ 7.95 Lakh,Comprehensive,"77,130 Kms",17.8 kmpl,1496 CC,5,White,7 Speed CVT,FWD,Bangalore
0,Petrol,SUV,Automatic,1,Ford,Ford Ecosport,2017,₹ 7.75 Lakh,Comprehensive,"45,000 Kms",14.7 kmpl,1496 CC,5,Brown,6 Speed,FWD,Bangalore
0,Petrol,Hatchback,Automatic,2,Maruti,Maruti Baleno,2017,₹ 7.45 Lakh,Third Party insurance,"27,025 Kms",19.56 kmpl,1197 CC,5,Grey,CVT,FWD,Bangalore
0,Petrol,SUV,Manual,1,Kia,Kia Seltos,2019,₹ 11.25 Lakh,Third Party insurance,"1,05,153 Kms",16.1 kmpl,1353 CC,5,White,6-Speed,2WD,Bangalore
0,Diesel,SUV,Manual,1,Mahindra,Mahindra XUV500,2016,₹ 10.30 Lakh,Comprehensive,"70,509 Kms",16 kmpl,2179 CC,7,Brown,6 Speed ,FWD,Bangalore
0,Petrol,Hatchback,Automatic,2,Renault,Renault KWID,2020,₹ 5.82 Lakh,Zero Dep,"11,662 Kms",22 kmpl,999 CC,5,Silver,5 Speed,FWD,Bangalore
0,Petrol,Hatchback,Manual,1,Hyundai,Hyundai Grand i10,2018,₹ 6.15 Lakh,Third Party insurance,"36,176 Kms",18.9 kmpl,1197 CC,5,White,5 Speed,FWD,Bangalore
0,Petrol,Hatchback,Automatic,2,Honda,Honda Jazz,2015,₹ 5.60 Lakh,Third Party insurance,"74,342 Kms",19 kmpl,1199 CC,5,Red,5 Speed,FWD,Bangalore
0,Diesel,Hatchback,Manual,1,Maruti,Maruti Baleno,2016,₹ 7.10 Lakh,Third Party,"89,837 Kms",27.39 kmpl,1248 CC,5,Silver,5 Speed,FWD,Bangalore
0,Petrol,Hatchback,Manual,2,Maruti,Maruti Swift,2015,₹ 5.35 Lakh,Third Party,"11,912 Kms",21.21 kmpl,1197 CC,5,White,5,FWD,Bangalore
0,Diesel,Hatchback,Manual,2,Maruti,Maruti Swift,2012,₹ 4.46 Lakh,Third Party,"55,544 Kms",22.9 kmpl,1248 CC,5,Red,5 Speed,FWD,Bangalore
0,Petrol,SUV,Automatic,1,Ford,Ford Ecosport,2019,₹ 10.18 Lakh,Comprehensive,"27,027 Kms",14.8 kmpl,1497 CC,5,White,6 Speed,FWD,Bangalore
0,Petrol,Sedan,Automatic,1,Honda,Honda City,2017,₹ 8.40 Lakh,Zero Dep,"56,363 Kms",18 kmpl,1497 CC,5,Silver,5 Speed CVT,FWD,Bangalore
0,Petrol,Sedan,Manual,2,Hyundai,Hyundai Verna,2016,₹ 6.54 Lakh,Comprehensive,"42,094 Kms",17.01 kmpl,1591 CC,5,Others,5 Speed,FWD,Bangalore
0,Petrol,SUV,Manual,1,Kia,Kia Seltos,2019,₹ 11.25 Lakh,Comprehensive,"1,14,912 Kms",16.1 kmpl,1353 CC,5,White,6-Speed,2WD,Bangalore
0,Petrol,Hatchback,Manual,1,Maruti,Maruti Swift,2016,₹ 5.85 Lakh,Third Party insurance,"33,649 Kms",22 kmpl,1197 CC,5,Red,5,,Bangalore
0,Petrol,SUV,Manual,1,Kia,Kia Seltos,2019,₹ 12.50 Lakh,Comprehensive,"54,000 Kms",16.8 kmpl,1497 CC,5,Orange,6-Speed,FWD,Bangalore
0,Petrol,Sedan,Manual,2,Hyundai,Hyundai Xcent,2014,₹ 4.75 Lakh,Comprehensive,"69,798 Kms",19.1 kmpl,1197 CC,5,Silver,5 Speed ,FWD ,Bangalore
0,Petrol,Hatchback,Manual,2,Hyundai,Hyundai i10,2010,₹ 3.10 Lakh,Comprehensive,"69,000 Kms",20.36 kmpl,1197 CC,5,Red,5 Speed,FWD,Bangalore
0,Diesel,SUV,Automatic,1,Jeep,Jeep Compass,2020,₹ 23.95 Lakh,Zero Dep,"49,001 Kms",17.1 kmpl,1956 CC,5,White,6 Speed,4X4,Bangalore
0,Diesel,Sedan,Automatic,2,Hyundai,Hyundai Verna,2017,₹ 10.85 Lakh,Comprehensive,"57,527 Kms",22 kmpl,1582 CC,5,Fiery Red,6 Speed,FWD,Bangalore
0,Diesel,Hatchback,Manual,1,Fiat,Fiat Punto EVO,2015,₹ 4.75 Lakh,Comprehensive,"57,367 Kms",20.5 kmpl,1248 CC,5,T Wine,5 Speed,FWD,Bangalore
0,Petrol,Hatchback,Manual,2,Maruti,Maruti Wagon R,2015,₹ 4.06 Lakh,Third Party insurance,"50,936 Kms",20.51 kmpl,998 CC,5,White,5 Speed,FWD,Bangalore
0,Diesel,Hatchback,Manual,1,Hyundai,Hyundai i20,2022,₹ 10.84 Lakh,Comprehensive,"23,237 Kms",25 kmpl,1493 CC,5,White,6 Speed,,Bangalore
0,Petrol,Hatchback,Automatic,1,Maruti,Maruti Celerio,2016,₹ 4.45 Lakh,Comprehensive,"66,596 Kms",23.1 kmpl,998 CC,5,Others,5 Speed ,FWD,Bangalore
0,Diesel,SUV,Manual,1,Mahindra,Mahindra XUV500,2016,₹ 13.82 Lakh,Comprehensive,"36,613 Kms",16 kmpl,2179 CC,7,Silver,6 Speed ,AWD,Bangalore
0,Petrol,Sedan,Manual,1,Maruti,Maruti Swift Dzire,2015,₹ 6.01 Lakh,Third Party insurance,"74,104 Kms",20.85 kmpl,1197 CC,5,White,5 Speed,FWD,Bangalore
0,Petrol,Hatchback,Manual,1,Hyundai,Hyundai Santro,2022,₹ 5.94 Lakh,Zero Dep,"6,777 Kms",20.3 kmpl,1086 CC,5,White,5 Speed,FWD,Bangalore
0,Petrol,SUV,Manual,1,Ford,Ford Ecosport,2020,₹ 9.60 Lakh,Comprehensive,"14,560 Kms",15.9 kmpl,1496 CC,5,White,5 Speed,FWD,Bangalore
0,Petrol,Hatchback,Automatic,1,Maruti,Maruti S-Presso,2021,₹ 5.75 Lakh,Comprehensive,"27,000 Kms",21.7 kmpl,998 CC,5,White,AGS,FWD,Bangalore
0,Petrol,Sedan,Automatic,2,Honda,Honda City,2015,₹ 7.29 Lakh,Comprehensive,"90,333 Kms",18 kmpl,1497 CC,5,Silver,5 Speed CVT,FWD,Bangalore
0,Petrol,SUV,Automatic,1,Mini,Mini Cooper Countryman,2019,₹ 35.75 Lakh,Comprehensive,"50,114 Kms",16.6 kmpl,1998 CC,5,Blue,8 Speed,AWD,Bangalore
0,Diesel,SUV,Manual,1,Maruti,Maruti Vitara Brezza,2017,₹ 9.62 Lakh,Comprehensive,"69,301 Kms",24.3 kmpl,1248 CC,5,Silver,5 Speed,FWD,Bangalore
0,Petrol,Hatchback,Manual,1,Renault,Renault KWID,2021,₹ 4.50 Lakh,Comprehensive,"71,306 Kms",21.74 kmpl,999 CC,5,Blue,5 Speed,FWD,Bangalore
0,Petrol,Hatchback,Automatic,1,Maruti,Maruti Baleno,2019,₹ 8.49 Lakh,Third Party insurance,"35,135 Kms",19.56 kmpl,1197 CC,5,Prime Star Gaze,CVT,FWD,Bangalore
0,Diesel,Hatchback,Manual,1,Maruti,Maruti Ritz,2016,₹ 5.35 Lakh,Third Party insurance,"40,561 Kms",23.2 kmpl,1248 CC,5,White,5 Speed,FWD,Bangalore
0,Petrol,Hatchback,Manual,1,Hyundai,Hyundai i20,2012,₹ 4.35 Lakh,Comprehensive,"90,000 Kms",17 kmpl,1197 CC,5,Brown,5 Speed,FWD,Bangalore
0,Petrol,Hatchback,Automatic,2,Honda,Honda Jazz,2017,₹ 6.85 Lakh,Comprehensive,"60,000 Kms",19 kmpl,1199 CC,5,Grey,5 Speed,FWD,Bangalore
0,Diesel,SUV,Automatic,1,BMW,BMW X3,2019,₹ 57.50 Lakh,Comprehensive,"30,000 Kms",16.55 kmpl,1995 CC,5,White,8 Speed,AWD,Bangalore
0,Diesel,SUV,Manual,2,Renault,Renault Duster,2016,₹ 7.30 Lakh,Third Party insurance,"60,000 Kms",19.87 kmpl,1461 CC,5,Brown,5 speed,FWD,Bangalore
0,Diesel,SUV,Manual,1,Mahindra,Mahindra XUV500,2015,₹ 11.45 Lakh,Comprehensive,"1,02,000 Kms",16 kmpl,2179 CC,7,White,6 Speed,FWD,Bangalore
0,Petrol,Hatchback,Manual,2,Maruti,Maruti Wagon R,2015,₹ 4.10 Lakh,Third Party,"41,659 Kms",18.9 kmpl,998 CC,5,Red,5 Speed,FWD,Bangalore
0,Petrol,Sedan,Automatic,2,Audi,Audi A4,2009,₹ 10.75 Lakh,Comprehensive,"85,300 Kms",12.3 kmpl,1781 CC,5,White,7 Speed,FWD,Bangalore
0,Petrol,Sedan,Automatic,2,Hyundai,Hyundai Verna,2017,₹ 8.49 Lakh,Third Party insurance,"32,483 Kms",17.01 kmpl,1591 CC,5,Red,4 Speed,FWD,Bangalore
0,Petrol,Hatchback,Manual,1,Hyundai,Hyundai i20,2018,₹ 7.49 Lakh,Third Party insurance,"34,376 Kms",18.6 kmpl,1197 CC,5,Blue,5 Speed,FWD,Bangalore
0,Petrol,SUV,Manual,1,Hyundai,Hyundai Creta,2017,₹ 8.72 Lakh,Third Party insurance,"36,540 Kms",15.29 kmpl,1591 CC,5,Silver,6 Speed,FWD,Bangalore
0,Petrol,Hatchback,Manual,2,Hyundai,Hyundai i20,2011,₹ 3.06 Lakh,Comprehensive,"1,48,625 Kms",17 kmpl,1197 CC,5,Silver,5 Speed,FWD,Bangalore
0,Diesel,Sedan,Automatic,4,Audi,Audi A6,2013,₹ 9.95 Lakh,Third Party insurance,"81,000 Kms",14.57 kmpl,2967 CC,5,Grey,8 Speed,AWD,Bangalore
0,Petrol,Hatchback,Manual,2,Hyundai,Hyundai i10,2013,₹ 3.48 Lakh,Third Party insurance,"5,609 Kms",19.81 kmpl,1086 CC,5,White,5 Speed,FWD,Bangalore
0,Petrol,Sedan,Automatic,1,Audi,Audi A3,2019,₹ 24.25 Lakh,Third Party insurance,"37,000 Kms",19.2 kmpl,1395 CC,5,Blue,7 Speed,FWD,Bangalore
0,Petrol,SUV,Manual,1,Hyundai,Hyundai Alcazar,2021,₹ 17.25 Lakh,Comprehensive,"6,000 Kms",14.5 kmpl,1999 CC,6,Silver,6 Speed,,Bangalore
0,Diesel,Sedan,Manual,1,Renault,Renault Fluence,2013,₹ 5 Lakh,Third Party,"61,000 Kms",21.8 kmpl,1461 CC,5,Silver,6 Speed MT,2WD,Bangalore
0,Petrol,Hatchback,Automatic,2,Renault,Renault KWID,2018,₹ 4.17 Lakh,Third Party insurance,"30,285 Kms",24.04 kmpl,999 CC,5,Silver,5 Speed,FWD,Bangalore
0,Diesel,Sedan,Manual,2,Volkswagen,Volkswagen Vento,2011,₹ 3.99 Lakh,Third Party insurance,"80,153 Kms",20.54 kmpl,1598 CC,5,White,5 Speed,FWD,Bangalore
0,Petrol,Hatchback,Automatic,1,Hyundai,Hyundai Grand i10,2016,₹ 5.41 Lakh,Comprehensive,"49,641 Kms",18.9 kmpl,1197 CC,5,Others,4 Speed,FWD,Bangalore
0,Petrol,Hatchback,Automatic,2,Maruti,Maruti Baleno,2016,₹ 5.68 Lakh,Comprehensive,"83,075 Kms",21.4 kmpl,1197 CC,5,Silver,CVT,FWD,Bangalore
0,Petrol,Hatchback,Manual,1,Maruti,Maruti Baleno,2018,₹ 7.30 Lakh,Comprehensive,"45,677 Kms",21.4 kmpl,1197 CC,5,Red,5 Speed,FWD,Bangalore
0,Petrol,Hatchback,Manual,1,Maruti,Maruti Celerio,2017,₹ 4.46 Lakh,Comprehensive,"81,849 Kms",23.1 kmpl,998 CC,5,White,5 Speed,FWD,Bangalore
0,Diesel,Hatchback,Manual,2,Maruti,Maruti Swift,2015,₹ 6.38 Lakh,Comprehensive,"67,791 Kms",25.2 kmpl,1248 CC,5,Silver,5 Speed,FWD,Bangalore
0,Diesel,SUV,Automatic,1,Volvo,Volvo XC40,2018,₹ 37.50 Lakh,Comprehensive,"38,100 Kms",18 kmpl,1969 CC,5,Red,8 Speed,AWD,Bangalore
0,Petrol,Hatchback,Manual,1,Hyundai,Hyundai i20,2018,₹ 6.94 Lakh,Third Party insurance,"65,015 Kms",18.6 kmpl,1197 CC,5,Others,5 Speed,FWD,Bangalore
0,Diesel,SUV,Automatic,2,Mercedes-Benz,Mercedes-Benz GLC,2018,₹ 47 Lakh,Comprehensive,"47,000 Kms",17.9 kmpl,2143 CC,5,Blue,9 Speed,AWD,Bangalore
0,Petrol,Hatchback,Manual,1,Maruti,Maruti Swift,2014,₹ 4.93 Lakh,Third Party,"62,029 Kms",22.38 kmpl,1197 CC,5,White,5-Speed,,Bangalore
0,Diesel,Hatchback,Manual,1,Maruti,Maruti Swift,2017,₹ 6.37 Lakh,Comprehensive,"94,926 Kms",25.2 kmpl,1248 CC,5,Silver,5 Speed,FWD,Bangalore
0,Petrol,Hatchback,Manual,1,Hyundai,Hyundai i20,2012,₹ 3.65 Lakh,Not Available,"1,19,487 Kms",17 kmpl,1197 CC,5,Grey,5 Speed,FWD,Bangalore
0,Diesel,SUV,Manual,1,Mahindra,Mahindra Bolero,2019,₹ 8.25 Lakh,Third Party insurance,"1,26,000 Kms",15.96 kmpl,2523 CC,7,White,5 Speed,RWD,Bangalore
0,Diesel,Sedan,Manual,1,Volkswagen,Volkswagen Ameo,2017,₹ 6.45 Lakh,Comprehensive,"70,332 Kms",21.66 kmpl,1498 CC,5,Grey,5 Speed,FWD,Bangalore
0,Petrol,Hatchback,Manual,1,Maruti,Maruti Ignis,2017,₹ 5.85 Lakh,Third Party insurance,"37,950 Kms",20.89 kmpl,1197 CC,5,Grey,5 Speed,FWD,Bangalore
0,Petrol,Hatchback,Manual,1,Hyundai,Hyundai i20,2019,₹ 8.35 Lakh,Comprehensive,"38,100 Kms",18.6 kmpl,1197 CC,5,Silver,5 Speed,FWD,Bangalore
0,Diesel,SUV,Manual,2,Toyota,Toyota Fortuner,2012,₹ 16.49 Lakh,Comprehensive,"1,56,039 Kms",12.55 kmpl,2982 CC,7,Blue,5 Speed,4WD,Bangalore
0,Petrol,Sedan,Manual,2,Maruti,Maruti SX4,2008,₹ 3.30 Lakh,Third Party insurance,"56,000 Kms",15 kmpl,1586 CC,5,Red,5 Speed,,Bangalore
0,Petrol,Hatchback,Manual,2,Honda,Honda Brio,2014,₹ 4.25 Lakh,Comprehensive,"42,000 Kms",19.4 kmpl,1198 CC,5,White,5 Speed,FWD,Bangalore
0,Diesel,Hatchback,Manual,1,Hyundai,Hyundai i20,2018,₹ 7.50 Lakh,Comprehensive,"93,003 Kms",22.54 kmpl,1396 CC,5,Red,6 Speed,FWD,Bangalore
0,Petrol,Hatchback,Automatic,2,Hyundai,Hyundai Grand i10,2017,₹ 6.75 Lakh,Comprehensive,"36,000 Kms",18.9 kmpl,1197 CC,5,White,4 Speed,FWD,Bangalore
